report_period_start,report_period_end,interval_start,interval_end,node,namespace,pod,pod_usage_cpu_core_seconds,pod_request_cpu_core_seconds,pod_limit_cpu_core_seconds,pod_usage_memory_byte_seconds,pod_request_memory_byte_seconds,pod_limit_memory_byte_seconds,node_capacity_cpu_cores,node_capacity_cpu_core_seconds,node_capacity_memory_bytes,node_capacity_memory_byte_seconds,resource_id,pod_labels
2020-11-01 00:00:00 +0000 UTC,2020-12-01 00:00:00 +0000 UTC,2020-11-06 18:00:00 +0000 UTC,2020-11-06 18:59:59 +0000 UTC,ip-10-0-208-111.us-east-2.compute.internal,openshift-machine-config-operator,machine-config-server-5xt22,27.551866,72.000000,,55503175680.000000,188743680000.000000,,4.000000,14400.000000,16502939648.000000,59410582732800.000000,i-0a265277069898d4c,label_controller_revision_hash:854578fb64|label_k8s_app:machine-config-server|label_pod_template_generation:1
2020-11-01 00:00:00 +0000 UTC,2020-12-01 00:00:00 +0000 UTC,2020-11-06 18:00:00 +0000 UTC,2020-11-06 18:59:59 +0000 UTC,ip-10-0-184-152.us-east-2.compute.internal,openshift-etcd-operator,etcd-operator-576bc857f8-6k7x2,51.626897,36.000000,,354808627200.000000,188743680000.000000,,4.000000,14400.000000,16502939648.000000,59410582732800.000000,i-0d747f55dc1009705,label_app:etcd-operator|label_pod_template_hash:576bc857f8
2020-11-01 00:00:00 +0000 UTC,2020-12-01 00:00:00 +0000 UTC,2020-11-06 18:00:00 +0000 UTC,2020-11-06 18:59:59 +0000 UTC,ip-10-0-146-115.us-east-2.compute.internal,openshift-multus,multus-ntcjv,3.743996,36.000000,,15806054400.000000,566231040000.000000,,8.000000,28800.000000,33237303296.000000,119654291865600.000000,i-0eb3a4cb7807fb144,label_app:multus|label_component:network|label_controller_revision_hash:846cd45bbd|label_openshift_io_component:network|label_pod_template_generation:1|label_type:infra
2020-11-01 00:00:00 +0000 UTC,2020-12-01 00:00:00 +0000 UTC,2020-11-06 18:00:00 +0000 UTC,2020-11-06 18:59:59 +0000 UTC,ip-10-0-184-152.us-east-2.compute.internal,openshift-controller-manager-operator,openshift-controller-manager-operator-6f6978d49f-kw8rd,9.683527,36.000000,,239928852480.000000,188743680000.000000,,4.000000,14400.000000,16502939648.000000,59410582732800.000000,i-0d747f55dc1009705,label_app:openshift-controller-manager-operator|label_pod_template_hash:6f6978d49f
2020-11-01 00:00:00 +0000 UTC,2020-12-01 00:00:00 +0000 UTC,2020-11-06 18:00:00 +0000 UTC,2020-11-06 18:59:59 +0000 UTC,ip-10-0-184-152.us-east-2.compute.internal,openshift-operator-lifecycle-manager,olm-operator-5d5fcdd6c-cpc4s,49.674783,36.000000,,525264568320.000000,603979776000.000000,,4.000000,14400.000000,16502939648.000000,59410582732800.000000,i-0d747f55dc1009705,label_app:olm-operator|label_pod_template_hash:5d5fcdd6c
2020-11-01 00:00:00 +0000 UTC,2020-12-01 00:00:00 +0000 UTC,2020-11-06 18:00:00 +0000 UTC,2020-11-06 18:59:59 +0000 UTC,ip-10-0-208-111.us-east-2.compute.internal,openshift-console,console-67896cd46c-9l29x,2.847381,36.000000,,83451248640.000000,377487360000.000000,,4.000000,14400.000000,16502939648.000000,59410582732800.000000,i-0a265277069898d4c,label_app:console|label_component:ui|label_pod_template_hash:67896cd46c
2020-11-01 00:00:00 +0000 UTC,2020-12-01 00:00:00 +0000 UTC,2020-11-06 18:00:00 +0000 UTC,2020-11-06 18:59:59 +0000 UTC,ip-10-0-146-115.us-east-2.compute.internal,openshift-monitoring,node-exporter-mc9xs,34.311499,32.400000,,242699059200.000000,792723456000.000000,,8.000000,28800.000000,33237303296.000000,119654291865600.000000,i-0eb3a4cb7807fb144,label_app:node-exporter|label_controller_revision_hash:664bff5786|label_pod_template_generation:1
2020-11-01 00:00:00 +0000 UTC,2020-12-01 00:00:00 +0000 UTC,2020-11-06 18:00:00 +0000 UTC,2020-11-06 18:59:59 +0000 UTC,ip-10-0-150-20.us-east-2.compute.internal,openshift-kube-controller-manager,revision-pruner-16-ip-10-0-150-20.us-east-2.compute.internal,,540.000000,540.000000,,360000000000.000000,360000000000.000000,4.000000,14400.000000,16502939648.000000,59410582732800.000000,i-07017c9d687179be8,label_app:pruner
2020-11-01 00:00:00 +0000 UTC,2020-12-01 00:00:00 +0000 UTC,2020-11-06 18:00:00 +0000 UTC,2020-11-06 18:59:59 +0000 UTC,ip-10-0-208-111.us-east-2.compute.internal,openshift-dns,dns-default-zfph2,7.690563,396.000000,,133560483840.000000,264241152000.000000,1932735283200.000000,4.000000,14400.000000,16502939648.000000,59410582732800.000000,i-0a265277069898d4c,label_controller_revision_hash:95cc96b59|label_dns_operator_openshift_io_daemonset_dns:default|label_pod_template_generation:1
2020-11-01 00:00:00 +0000 UTC,2020-12-01 00:00:00 +0000 UTC,2020-11-06 18:00:00 +0000 UTC,2020-11-06 18:59:59 +0000 UTC,ip-10-0-150-20.us-east-2.compute.internal,openshift-kube-controller-manager,revision-pruner-15-ip-10-0-150-20.us-east-2.compute.internal,,540.000000,540.000000,,360000000000.000000,360000000000.000000,4.000000,14400.000000,16502939648.000000,59410582732800.000000,i-07017c9d687179be8,label_app:pruner
2020-11-01 00:00:00 +0000 UTC,2020-12-01 00:00:00 +0000 UTC,2020-11-06 18:00:00 +0000 UTC,2020-11-06 18:59:59 +0000 UTC,ip-10-0-146-115.us-east-2.compute.internal,openshift-metering,hive-metastore-0,77.762551,1800.000000,14400.000000,3788581109760.000000,2453667840000.000000,7730941132800.000000,8.000000,28800.000000,33237303296.000000,119654291865600.000000,i-0eb3a4cb7807fb144,label_app:hive|label_controller_revision_hash:hive-metastore-5b6cd8cd8|label_hive:metastore|label_statefulset_kubernetes_io_pod_name:hive-metastore-0
2020-11-01 00:00:00 +0000 UTC,2020-12-01 00:00:00 +0000 UTC,2020-11-06 18:00:00 +0000 UTC,2020-11-06 18:59:59 +0000 UTC,ip-10-0-150-20.us-east-2.compute.internal,openshift-kube-controller-manager,installer-13-ip-10-0-150-20.us-east-2.compute.internal,,540.000000,540.000000,,360000000000.000000,360000000000.000000,4.000000,14400.000000,16502939648.000000,59410582732800.000000,i-07017c9d687179be8,label_app:installer
2020-11-01 00:00:00 +0000 UTC,2020-12-01 00:00:00 +0000 UTC,2020-11-06 18:00:00 +0000 UTC,2020-11-06 18:59:59 +0000 UTC,ip-10-0-184-152.us-east-2.compute.internal,openshift-kube-scheduler,openshift-kube-scheduler-ip-10-0-184-152.us-east-2.compute.internal,13.694694,72.000000,,327699824640.000000,377487360000.000000,,4.000000,14400.000000,16502939648.000000,59410582732800.000000,i-0d747f55dc1009705,label_app:openshift-kube-scheduler|label_revision:12|label_scheduler:true
2020-11-01 00:00:00 +0000 UTC,2020-12-01 00:00:00 +0000 UTC,2020-11-06 18:00:00 +0000 UTC,2020-11-06 18:59:59 +0000 UTC,ip-10-0-150-20.us-east-2.compute.internal,openshift-kube-controller-manager,installer-14-ip-10-0-150-20.us-east-2.compute.internal,,540.000000,540.000000,,360000000000.000000,360000000000.000000,4.000000,14400.000000,16502939648.000000,59410582732800.000000,i-07017c9d687179be8,label_app:installer
2020-11-01 00:00:00 +0000 UTC,2020-12-01 00:00:00 +0000 UTC,2020-11-06 18:00:00 +0000 UTC,2020-11-06 18:59:59 +0000 UTC,ip-10-0-184-152.us-east-2.compute.internal,openshift-kube-apiserver,installer-11-ip-10-0-184-152.us-east-2.compute.internal,,540.000000,540.000000,,360000000000.000000,360000000000.000000,4.000000,14400.000000,16502939648.000000,59410582732800.000000,i-0d747f55dc1009705,label_app:installer
2020-11-01 00:00:00 +0000 UTC,2020-12-01 00:00:00 +0000 UTC,2020-11-06 18:00:00 +0000 UTC,2020-11-06 18:59:59 +0000 UTC,ip-10-0-184-152.us-east-2.compute.internal,openshift-kube-scheduler,installer-12-ip-10-0-184-152.us-east-2.compute.internal,,540.000000,540.000000,,360000000000.000000,360000000000.000000,4.000000,14400.000000,16502939648.000000,59410582732800.000000,i-0d747f55dc1009705,label_app:installer
2020-11-01 00:00:00 +0000 UTC,2020-12-01 00:00:00 +0000 UTC,2020-11-06 18:00:00 +0000 UTC,2020-11-06 18:59:59 +0000 UTC,ip-10-0-146-115.us-east-2.compute.internal,openshift-monitoring,alertmanager-main-0,11.795876,21.600000,,262476349440.000000,830472192000.000000,,8.000000,28800.000000,33237303296.000000,119654291865600.000000,i-0eb3a4cb7807fb144,label_alertmanager:main|label_app:alertmanager|label_controller_revision_hash:alertmanager-main-74bb986dfc|label_statefulset_kubernetes_io_pod_name:alertmanager-main-0
2020-11-01 00:00:00 +0000 UTC,2020-12-01 00:00:00 +0000 UTC,2020-11-06 18:00:00 +0000 UTC,2020-11-06 18:59:59 +0000 UTC,ip-10-0-189-61.us-east-2.compute.internal,openshift-ingress,router-default-5f4778557d-zsf99,7.956351,360.000000,,295485112320.000000,966367641600.000000,,8.000000,28800.000000,32884985856.000000,118385949081600.000000,i-0fa84719950bda5f1,label_ingresscontroller_operator_openshift_io_deployment_ingresscontroller:default|label_ingresscontroller_operator_openshift_io_hash:778c7cbf9f|label_pod_template_hash:5f4778557d
2020-11-01 00:00:00 +0000 UTC,2020-12-01 00:00:00 +0000 UTC,2020-11-06 18:00:00 +0000 UTC,2020-11-06 18:59:59 +0000 UTC,ip-10-0-184-152.us-east-2.compute.internal,openshift-cluster-node-tuning-operator,cluster-node-tuning-operator-556c85fcdd-s6bkr,1.076888,36.000000,,88270356480.000000,75497472000.000000,,4.000000,14400.000000,16502939648.000000,59410582732800.000000,i-0d747f55dc1009705,label_name:cluster-node-tuning-operator|label_pod_template_hash:556c85fcdd
2020-11-01 00:00:00 +0000 UTC,2020-12-01 00:00:00 +0000 UTC,2020-11-06 18:00:00 +0000 UTC,2020-11-06 18:59:59 +0000 UTC,ip-10-0-184-152.us-east-2.compute.internal,openshift-apiserver,apiserver-6b74f489cb-8dfnm,27.690488,360.000000,,705010237440.000000,754974720000.000000,,4.000000,14400.000000,16502939648.000000,59410582732800.000000,i-0d747f55dc1009705,label_apiserver:true|label_app:openshift-apiserver-a|label_pod_template_hash:6b74f489cb|label_revision:0
2020-11-01 00:00:00 +0000 UTC,2020-12-01 00:00:00 +0000 UTC,2020-11-06 18:00:00 +0000 UTC,2020-11-06 18:59:59 +0000 UTC,ip-10-0-146-115.us-east-2.compute.internal,openshift-marketplace,redhat-operators-c894d646f-699bh,33.181630,36.000000,,854112829440.000000,377487360000.000000,,8.000000,28800.000000,33237303296.000000,119654291865600.000000,i-0eb3a4cb7807fb144,label_marketplace_operatorSource:redhat-operators|label_pod_template_hash:c894d646f
2020-11-01 00:00:00 +0000 UTC,2020-12-01 00:00:00 +0000 UTC,2020-11-06 18:00:00 +0000 UTC,2020-11-06 18:59:59 +0000 UTC,ip-10-0-184-152.us-east-2.compute.internal,openshift-kube-apiserver,installer-3-ip-10-0-184-152.us-east-2.compute.internal,,540.000000,540.000000,,360000000000.000000,360000000000.000000,4.000000,14400.000000,16502939648.000000,59410582732800.000000,i-0d747f55dc1009705,label_app:installer
2020-11-01 00:00:00 +0000 UTC,2020-12-01 00:00:00 +0000 UTC,2020-11-06 18:00:00 +0000 UTC,2020-11-06 18:59:59 +0000 UTC,ip-10-0-150-20.us-east-2.compute.internal,openshift-kube-apiserver,kube-apiserver-ip-10-0-150-20.us-east-2.compute.internal,1183.076984,1188.000000,,6293303869440.000000,4431701606400.000000,,4.000000,14400.000000,16502939648.000000,59410582732800.000000,i-07017c9d687179be8,label_apiserver:true|label_app:openshift-kube-apiserver|label_revision:14
2020-11-01 00:00:00 +0000 UTC,2020-12-01 00:00:00 +0000 UTC,2020-11-06 18:00:00 +0000 UTC,2020-11-06 18:59:59 +0000 UTC,ip-10-0-208-111.us-east-2.compute.internal,openshift-kube-controller-manager,installer-15-ip-10-0-208-111.us-east-2.compute.internal,,540.000000,540.000000,,360000000000.000000,360000000000.000000,4.000000,14400.000000,16502939648.000000,59410582732800.000000,i-0a265277069898d4c,label_app:installer
2020-11-01 00:00:00 +0000 UTC,2020-12-01 00:00:00 +0000 UTC,2020-11-06 18:00:00 +0000 UTC,2020-11-06 18:59:59 +0000 UTC,ip-10-0-184-152.us-east-2.compute.internal,openshift-kube-apiserver,kube-apiserver-ip-10-0-184-152.us-east-2.compute.internal,371.799046,1188.000000,,4724514078720.000000,4431701606400.000000,,4.000000,14400.000000,16502939648.000000,59410582732800.000000,i-0d747f55dc1009705,label_apiserver:true|label_app:openshift-kube-apiserver|label_revision:14
2020-11-01 00:00:00 +0000 UTC,2020-12-01 00:00:00 +0000 UTC,2020-11-06 18:00:00 +0000 UTC,2020-11-06 18:59:59 +0000 UTC,,openshift-apiserver,apiserver-6b74f489cb-tqsrm,27.906783,360.000000,,671331778560.000000,754974720000.000000,,,,,,,label_apiserver:true|label_app:openshift-apiserver-a|label_pod_template_hash:6b74f489cb|label_revision:0
2020-11-01 00:00:00 +0000 UTC,2020-12-01 00:00:00 +0000 UTC,2020-11-06 18:00:00 +0000 UTC,2020-11-06 18:59:59 +0000 UTC,ip-10-0-146-115.us-east-2.compute.internal,openshift-dns,dns-default-xqtxh,7.687091,396.000000,,287269601280.000000,264241152000.000000,1932735283200.000000,8.000000,28800.000000,33237303296.000000,119654291865600.000000,i-0eb3a4cb7807fb144,label_controller_revision_hash:95cc96b59|label_dns_operator_openshift_io_daemonset_dns:default|label_pod_template_generation:1
2020-11-01 00:00:00 +0000 UTC,2020-12-01 00:00:00 +0000 UTC,2020-11-06 18:00:00 +0000 UTC,2020-11-06 18:59:59 +0000 UTC,ip-10-0-208-111.us-east-2.compute.internal,openshift-kube-controller-manager,installer-4-ip-10-0-208-111.us-east-2.compute.internal,,540.000000,540.000000,,360000000000.000000,360000000000.000000,4.000000,14400.000000,16502939648.000000,59410582732800.000000,i-0a265277069898d4c,label_app:installer
2020-11-01 00:00:00 +0000 UTC,2020-12-01 00:00:00 +0000 UTC,2020-11-06 18:00:00 +0000 UTC,2020-11-06 18:59:59 +0000 UTC,ip-10-0-208-111.us-east-2.compute.internal,openshift-etcd,installer-2-ip-10-0-208-111.us-east-2.compute.internal,,540.000000,540.000000,,360000000000.000000,360000000000.000000,4.000000,14400.000000,16502939648.000000,59410582732800.000000,i-0a265277069898d4c,label_app:installer
2020-11-01 00:00:00 +0000 UTC,2020-12-01 00:00:00 +0000 UTC,2020-11-06 18:00:00 +0000 UTC,2020-11-06 18:59:59 +0000 UTC,ip-10-0-208-111.us-east-2.compute.internal,openshift-kube-scheduler,revision-pruner-10-ip-10-0-208-111.us-east-2.compute.internal,,540.000000,540.000000,,360000000000.000000,360000000000.000000,4.000000,14400.000000,16502939648.000000,59410582732800.000000,i-0a265277069898d4c,label_app:pruner
2020-11-01 00:00:00 +0000 UTC,2020-12-01 00:00:00 +0000 UTC,2020-11-06 18:00:00 +0000 UTC,2020-11-06 18:59:59 +0000 UTC,ip-10-0-184-152.us-east-2.compute.internal,openshift-kube-controller-manager,installer-15-ip-10-0-184-152.us-east-2.compute.internal,,540.000000,540.000000,,360000000000.000000,360000000000.000000,4.000000,14400.000000,16502939648.000000,59410582732800.000000,i-0d747f55dc1009705,label_app:installer
2020-11-01 00:00:00 +0000 UTC,2020-12-01 00:00:00 +0000 UTC,2020-11-06 18:00:00 +0000 UTC,2020-11-06 18:59:59 +0000 UTC,ip-10-0-184-152.us-east-2.compute.internal,openshift-kube-apiserver,installer-9-ip-10-0-184-152.us-east-2.compute.internal,,540.000000,540.000000,,360000000000.000000,360000000000.000000,4.000000,14400.000000,16502939648.000000,59410582732800.000000,i-0d747f55dc1009705,label_app:installer
2020-11-01 00:00:00 +0000 UTC,2020-12-01 00:00:00 +0000 UTC,2020-11-06 18:00:00 +0000 UTC,2020-11-06 18:59:59 +0000 UTC,ip-10-0-150-20.us-east-2.compute.internal,openshift-image-registry,node-ca-7qp4x,0.849812,36.000000,,12201000960.000000,37748736000.000000,,4.000000,14400.000000,16502939648.000000,59410582732800.000000,i-07017c9d687179be8,label_controller_revision_hash:7dbf69f566|label_name:node-ca|label_pod_template_generation:1
2020-11-01 00:00:00 +0000 UTC,2020-12-01 00:00:00 +0000 UTC,2020-11-06 18:00:00 +0000 UTC,2020-11-06 18:59:59 +0000 UTC,ip-10-0-184-152.us-east-2.compute.internal,openshift-authentication-operator,authentication-operator-5498b9ddcb-49rb5,18.945711,36.000000,,319553863680.000000,188743680000.000000,,4.000000,14400.000000,16502939648.000000,59410582732800.000000,i-0d747f55dc1009705,label_app:authentication-operator|label_pod_template_hash:5498b9ddcb
2020-11-01 00:00:00 +0000 UTC,2020-12-01 00:00:00 +0000 UTC,2020-11-06 18:00:00 +0000 UTC,2020-11-06 18:59:59 +0000 UTC,ip-10-0-184-152.us-east-2.compute.internal,openshift-apiserver-operator,openshift-apiserver-operator-bf6868c87-mm8nx,14.868163,36.000000,,301766246400.000000,188743680000.000000,,4.000000,14400.000000,16502939648.000000,59410582732800.000000,i-0d747f55dc1009705,label_app:openshift-apiserver-operator|label_pod_template_hash:bf6868c87
2020-11-01 00:00:00 +0000 UTC,2020-12-01 00:00:00 +0000 UTC,2020-11-06 18:00:00 +0000 UTC,2020-11-06 18:59:59 +0000 UTC,ip-10-0-184-152.us-east-2.compute.internal,openshift-service-catalog-controller-manager-operator,openshift-service-catalog-controller-manager-operator-6d7fhqnwl,6.603934,36.000000,,213046394880.000000,188743680000.000000,,4.000000,14400.000000,16502939648.000000,59410582732800.000000,i-0d747f55dc1009705,label_app:openshift-service-catalog-controller-manager-operator|label_pod_template_hash:6d7f4bbf6d
2020-11-01 00:00:00 +0000 UTC,2020-12-01 00:00:00 +0000 UTC,2020-11-06 18:00:00 +0000 UTC,2020-11-06 18:59:59 +0000 UTC,ip-10-0-150-20.us-east-2.compute.internal,openshift-monitoring,node-exporter-z429f,22.476700,32.400000,,125729587200.000000,792723456000.000000,,4.000000,14400.000000,16502939648.000000,59410582732800.000000,i-07017c9d687179be8,label_app:node-exporter|label_controller_revision_hash:664bff5786|label_pod_template_generation:1
2020-11-01 00:00:00 +0000 UTC,2020-12-01 00:00:00 +0000 UTC,2020-11-06 18:00:00 +0000 UTC,2020-11-06 18:59:59 +0000 UTC,ip-10-0-184-152.us-east-2.compute.internal,openshift-kube-apiserver,revision-pruner-11-ip-10-0-184-152.us-east-2.compute.internal,,540.000000,540.000000,,360000000000.000000,360000000000.000000,4.000000,14400.000000,16502939648.000000,59410582732800.000000,i-0d747f55dc1009705,label_app:pruner
2020-11-01 00:00:00 +0000 UTC,2020-12-01 00:00:00 +0000 UTC,2020-11-06 18:00:00 +0000 UTC,2020-11-06 18:59:59 +0000 UTC,ip-10-0-208-111.us-east-2.compute.internal,openshift-monitoring,node-exporter-j99rb,29.465217,32.400000,,147064258560.000000,792723456000.000000,,4.000000,14400.000000,16502939648.000000,59410582732800.000000,i-0a265277069898d4c,label_app:node-exporter|label_controller_revision_hash:664bff5786|label_pod_template_generation:1
2020-11-01 00:00:00 +0000 UTC,2020-12-01 00:00:00 +0000 UTC,2020-11-06 18:00:00 +0000 UTC,2020-11-06 18:59:59 +0000 UTC,ip-10-0-184-152.us-east-2.compute.internal,openshift-dns,dns-default-ql2qz,7.465993,396.000000,,178112593920.000000,264241152000.000000,1932735283200.000000,4.000000,14400.000000,16502939648.000000,59410582732800.000000,i-0d747f55dc1009705,label_controller_revision_hash:95cc96b59|label_dns_operator_openshift_io_daemonset_dns:default|label_pod_template_generation:1
2020-11-01 00:00:00 +0000 UTC,2020-12-01 00:00:00 +0000 UTC,2020-11-06 18:00:00 +0000 UTC,2020-11-06 18:59:59 +0000 UTC,ip-10-0-150-20.us-east-2.compute.internal,openshift-kube-scheduler,openshift-kube-scheduler-ip-10-0-150-20.us-east-2.compute.internal,13.000326,72.000000,,294591037440.000000,377487360000.000000,,4.000000,14400.000000,16502939648.000000,59410582732800.000000,i-07017c9d687179be8,label_app:openshift-kube-scheduler|label_revision:12|label_scheduler:true
2020-11-01 00:00:00 +0000 UTC,2020-12-01 00:00:00 +0000 UTC,2020-11-06 18:00:00 +0000 UTC,2020-11-06 18:59:59 +0000 UTC,ip-10-0-146-115.us-east-2.compute.internal,openshift-image-registry,image-registry-7579444bc4-jkzdq,3.893256,360.000000,,193237401600.000000,966367641600.000000,,8.000000,28800.000000,33237303296.000000,119654291865600.000000,i-0eb3a4cb7807fb144,label_docker_registry:default|label_pod_template_hash:7579444bc4
2020-11-01 00:00:00 +0000 UTC,2020-12-01 00:00:00 +0000 UTC,2020-11-06 18:00:00 +0000 UTC,2020-11-06 18:59:59 +0000 UTC,ip-10-0-208-111.us-east-2.compute.internal,openshift-etcd,etcd-ip-10-0-208-111.us-east-2.compute.internal,908.355456,1656.000000,,40202060021760.000000,3472883712000.000000,,4.000000,14400.000000,16502939648.000000,59410582732800.000000,i-0a265277069898d4c,label_app:etcd|label_etcd:true|label_k8s_app:etcd|label_revision:2
2020-11-01 00:00:00 +0000 UTC,2020-12-01 00:00:00 +0000 UTC,2020-11-06 18:00:00 +0000 UTC,2020-11-06 18:59:59 +0000 UTC,ip-10-0-208-111.us-east-2.compute.internal,openshift-kube-scheduler,installer-12-ip-10-0-208-111.us-east-2.compute.internal,,540.000000,540.000000,,360000000000.000000,360000000000.000000,4.000000,14400.000000,16502939648.000000,59410582732800.000000,i-0a265277069898d4c,label_app:installer
2020-11-01 00:00:00 +0000 UTC,2020-12-01 00:00:00 +0000 UTC,2020-11-06 18:00:00 +0000 UTC,2020-11-06 18:59:59 +0000 UTC,ip-10-0-146-115.us-east-2.compute.internal,openshift-sdn,sdn-scbjv,27.066144,360.000000,,443027128320.000000,754974720000.000000,,8.000000,28800.000000,33237303296.000000,119654291865600.000000,i-0eb3a4cb7807fb144,label_app:sdn|label_component:network|label_controller_revision_hash:66cbd78b69|label_openshift_io_component:network|label_pod_template_generation:1|label_type:infra
2020-11-01 00:00:00 +0000 UTC,2020-12-01 00:00:00 +0000 UTC,2020-11-06 18:00:00 +0000 UTC,2020-11-06 18:59:59 +0000 UTC,ip-10-0-208-111.us-east-2.compute.internal,openshift-kube-apiserver,installer-11-ip-10-0-208-111.us-east-2.compute.internal,,540.000000,540.000000,,360000000000.000000,360000000000.000000,4.000000,14400.000000,16502939648.000000,59410582732800.000000,i-0a265277069898d4c,label_app:installer
2020-11-01 00:00:00 +0000 UTC,2020-12-01 00:00:00 +0000 UTC,2020-11-06 18:00:00 +0000 UTC,2020-11-06 18:59:59 +0000 UTC,ip-10-0-150-20.us-east-2.compute.internal,openshift-operator-lifecycle-manager,packageserver-6ff9547c85-pct2q,32.303116,36.000000,,486815907840.000000,188743680000.000000,,4.000000,14400.000000,16502939648.000000,59410582732800.000000,i-07017c9d687179be8,label_app:packageserver|label_pod_template_hash:6ff9547c85
2020-11-01 00:00:00 +0000 UTC,2020-12-01 00:00:00 +0000 UTC,2020-11-06 18:00:00 +0000 UTC,2020-11-06 18:59:59 +0000 UTC,ip-10-0-146-115.us-east-2.compute.internal,openshift-monitoring,openshift-state-metrics-cc4c4f66f-sr6zh,0.922066,10.800000,,232941158400.000000,717225984000.000000,,8.000000,28800.000000,33237303296.000000,119654291865600.000000,i-0eb3a4cb7807fb144,label_k8s_app:openshift-state-metrics|label_pod_template_hash:cc4c4f66f
2020-11-01 00:00:00 +0000 UTC,2020-12-01 00:00:00 +0000 UTC,2020-11-06 18:00:00 +0000 UTC,2020-11-06 18:59:59 +0000 UTC,ip-10-0-150-20.us-east-2.compute.internal,openshift-machine-config-operator,machine-config-server-57t7r,27.527113,72.000000,,47749447680.000000,188743680000.000000,,4.000000,14400.000000,16502939648.000000,59410582732800.000000,i-07017c9d687179be8,label_controller_revision_hash:854578fb64|label_k8s_app:machine-config-server|label_pod_template_generation:1
2020-11-01 00:00:00 +0000 UTC,2020-12-01 00:00:00 +0000 UTC,2020-11-06 18:00:00 +0000 UTC,2020-11-06 18:59:59 +0000 UTC,ip-10-0-184-152.us-east-2.compute.internal,openshift-kube-apiserver,installer-6-ip-10-0-184-152.us-east-2.compute.internal,,540.000000,540.000000,,360000000000.000000,360000000000.000000,4.000000,14400.000000,16502939648.000000,59410582732800.000000,i-0d747f55dc1009705,label_app:installer
2020-11-01 00:00:00 +0000 UTC,2020-12-01 00:00:00 +0000 UTC,2020-11-06 18:00:00 +0000 UTC,2020-11-06 18:59:59 +0000 UTC,ip-10-0-184-152.us-east-2.compute.internal,openshift-machine-config-operator,machine-config-daemon-6tpg4,3.213794,144.000000,,191354388480.000000,377487360000.000000,,4.000000,14400.000000,16502939648.000000,59410582732800.000000,i-0d747f55dc1009705,label_controller_revision_hash:7fb4bd6f5b|label_k8s_app:machine-config-daemon|label_pod_template_generation:1
2020-11-01 00:00:00 +0000 UTC,2020-12-01 00:00:00 +0000 UTC,2020-11-06 18:00:00 +0000 UTC,2020-11-06 18:59:59 +0000 UTC,ip-10-0-184-152.us-east-2.compute.internal,openshift-kube-apiserver,revision-pruner-5-ip-10-0-184-152.us-east-2.compute.internal,,540.000000,540.000000,,360000000000.000000,360000000000.000000,4.000000,14400.000000,16502939648.000000,59410582732800.000000,i-0d747f55dc1009705,label_app:pruner
2020-11-01 00:00:00 +0000 UTC,2020-12-01 00:00:00 +0000 UTC,2020-11-06 18:00:00 +0000 UTC,2020-11-06 18:59:59 +0000 UTC,ip-10-0-184-152.us-east-2.compute.internal,openshift-kube-scheduler,revision-pruner-10-ip-10-0-184-152.us-east-2.compute.internal,,540.000000,540.000000,,360000000000.000000,360000000000.000000,4.000000,14400.000000,16502939648.000000,59410582732800.000000,i-0d747f55dc1009705,label_app:pruner
2020-11-01 00:00:00 +0000 UTC,2020-12-01 00:00:00 +0000 UTC,2020-11-06 18:00:00 +0000 UTC,2020-11-06 18:59:59 +0000 UTC,ip-10-0-189-61.us-east-2.compute.internal,openshift-metering,hive-server-0,7.834533,1800.000000,3600.000000,2417301995520.000000,1887436800000.000000,3865470566400.000000,8.000000,28800.000000,32884985856.000000,118385949081600.000000,i-0fa84719950bda5f1,label_app:hive|label_controller_revision_hash:hive-server-5d8c4c47bf|label_hive:server|label_statefulset_kubernetes_io_pod_name:hive-server-0
2020-11-01 00:00:00 +0000 UTC,2020-12-01 00:00:00 +0000 UTC,2020-11-06 18:00:00 +0000 UTC,2020-11-06 18:59:59 +0000 UTC,ip-10-0-150-20.us-east-2.compute.internal,openshift-kube-apiserver,installer-6-ip-10-0-150-20.us-east-2.compute.internal,,540.000000,540.000000,,360000000000.000000,360000000000.000000,4.000000,14400.000000,16502939648.000000,59410582732800.000000,i-07017c9d687179be8,label_app:installer
2020-11-01 00:00:00 +0000 UTC,2020-12-01 00:00:00 +0000 UTC,2020-11-06 18:00:00 +0000 UTC,2020-11-06 18:59:59 +0000 UTC,ip-10-0-184-152.us-east-2.compute.internal,openshift-kube-apiserver-operator,kube-apiserver-operator-55c4fd6867-x84c5,56.214736,36.000000,,303716843520.000000,188743680000.000000,,4.000000,14400.000000,16502939648.000000,59410582732800.000000,i-0d747f55dc1009705,label_app:kube-apiserver-operator|label_pod_template_hash:55c4fd6867
2020-11-01 00:00:00 +0000 UTC,2020-12-01 00:00:00 +0000 UTC,2020-11-06 18:00:00 +0000 UTC,2020-11-06 18:59:59 +0000 UTC,ip-10-0-146-115.us-east-2.compute.internal,openshift-monitoring,prometheus-adapter-67d57676db-phwx9,2.078426,3.600000,,152627036160.000000,75497472000.000000,,8.000000,28800.000000,33237303296.000000,119654291865600.000000,i-0eb3a4cb7807fb144,label_name:prometheus-adapter|label_pod_template_hash:67d57676db
2020-11-01 00:00:00 +0000 UTC,2020-12-01 00:00:00 +0000 UTC,2020-11-06 18:00:00 +0000 UTC,2020-11-06 18:59:59 +0000 UTC,ip-10-0-150-20.us-east-2.compute.internal,openshift-kube-controller-manager,revision-pruner-4-ip-10-0-150-20.us-east-2.compute.internal,,540.000000,540.000000,,360000000000.000000,360000000000.000000,4.000000,14400.000000,16502939648.000000,59410582732800.000000,i-07017c9d687179be8,label_app:pruner
2020-11-01 00:00:00 +0000 UTC,2020-12-01 00:00:00 +0000 UTC,2020-11-06 18:00:00 +0000 UTC,2020-11-06 18:59:59 +0000 UTC,ip-10-0-208-111.us-east-2.compute.internal,openshift-kube-controller-manager,installer-7-ip-10-0-208-111.us-east-2.compute.internal,,540.000000,540.000000,,360000000000.000000,360000000000.000000,4.000000,14400.000000,16502939648.000000,59410582732800.000000,i-0a265277069898d4c,label_app:installer
2020-11-01 00:00:00 +0000 UTC,2020-12-01 00:00:00 +0000 UTC,2020-11-06 18:00:00 +0000 UTC,2020-11-06 18:59:59 +0000 UTC,ip-10-0-184-152.us-east-2.compute.internal,openshift-kube-controller-manager,revision-pruner-15-ip-10-0-184-152.us-east-2.compute.internal,,540.000000,540.000000,,360000000000.000000,360000000000.000000,4.000000,14400.000000,16502939648.000000,59410582732800.000000,i-0d747f55dc1009705,label_app:pruner
2020-11-01 00:00:00 +0000 UTC,2020-12-01 00:00:00 +0000 UTC,2020-11-06 18:00:00 +0000 UTC,2020-11-06 18:59:59 +0000 UTC,ip-10-0-208-111.us-east-2.compute.internal,openshift-cluster-storage-operator,cluster-storage-operator-5747b6797-2pmsk,9.381856,36.000000,,123177861120.000000,75497472000.000000,,4.000000,14400.000000,16502939648.000000,59410582732800.000000,i-0a265277069898d4c,label_name:cluster-storage-operator|label_pod_template_hash:5747b6797
2020-11-01 00:00:00 +0000 UTC,2020-12-01 00:00:00 +0000 UTC,2020-11-06 18:00:00 +0000 UTC,2020-11-06 18:59:59 +0000 UTC,ip-10-0-184-152.us-east-2.compute.internal,openshift-kube-scheduler,revision-pruner-12-ip-10-0-184-152.us-east-2.compute.internal,,540.000000,540.000000,,360000000000.000000,360000000000.000000,4.000000,14400.000000,16502939648.000000,59410582732800.000000,i-0d747f55dc1009705,label_app:pruner
2020-11-01 00:00:00 +0000 UTC,2020-12-01 00:00:00 +0000 UTC,2020-11-06 18:00:00 +0000 UTC,2020-11-06 18:59:59 +0000 UTC,ip-10-0-208-111.us-east-2.compute.internal,openshift-kube-apiserver,revision-pruner-3-ip-10-0-208-111.us-east-2.compute.internal,,540.000000,540.000000,,360000000000.000000,360000000000.000000,4.000000,14400.000000,16502939648.000000,59410582732800.000000,i-0a265277069898d4c,label_app:pruner
2020-11-01 00:00:00 +0000 UTC,2020-12-01 00:00:00 +0000 UTC,2020-11-06 18:00:00 +0000 UTC,2020-11-06 18:59:59 +0000 UTC,ip-10-0-184-152.us-east-2.compute.internal,openshift-etcd,etcd-ip-10-0-184-152.us-east-2.compute.internal,803.950300,1656.000000,,40082531450880.000000,3472883712000.000000,,4.000000,14400.000000,16502939648.000000,59410582732800.000000,i-0d747f55dc1009705,label_app:etcd|label_etcd:true|label_k8s_app:etcd|label_revision:2
2020-11-01 00:00:00 +0000 UTC,2020-12-01 00:00:00 +0000 UTC,2020-11-06 18:00:00 +0000 UTC,2020-11-06 18:59:59 +0000 UTC,ip-10-0-208-111.us-east-2.compute.internal,openshift-machine-config-operator,machine-config-daemon-wwt9w,3.288652,144.000000,,203817861120.000000,377487360000.000000,,4.000000,14400.000000,16502939648.000000,59410582732800.000000,i-0a265277069898d4c,label_controller_revision_hash:7fb4bd6f5b|label_k8s_app:machine-config-daemon|label_pod_template_generation:1
2020-11-01 00:00:00 +0000 UTC,2020-12-01 00:00:00 +0000 UTC,2020-11-06 18:00:00 +0000 UTC,2020-11-06 18:59:59 +0000 UTC,ip-10-0-150-20.us-east-2.compute.internal,openshift-kube-controller-manager,kube-controller-manager-ip-10-0-150-20.us-east-2.compute.internal,95.267460,360.000000,,1293392855040.000000,1887436800000.000000,,4.000000,14400.000000,16502939648.000000,59410582732800.000000,i-07017c9d687179be8,label_app:kube-controller-manager|label_kube_controller_manager:true|label_revision:16
2020-11-01 00:00:00 +0000 UTC,2020-12-01 00:00:00 +0000 UTC,2020-11-06 18:00:00 +0000 UTC,2020-11-06 18:59:59 +0000 UTC,ip-10-0-184-152.us-east-2.compute.internal,openshift-kube-apiserver,revision-pruner-3-ip-10-0-184-152.us-east-2.compute.internal,,540.000000,540.000000,,360000000000.000000,360000000000.000000,4.000000,14400.000000,16502939648.000000,59410582732800.000000,i-0d747f55dc1009705,label_app:pruner
2020-11-01 00:00:00 +0000 UTC,2020-12-01 00:00:00 +0000 UTC,2020-11-06 18:00:00 +0000 UTC,2020-11-06 18:59:59 +0000 UTC,ip-10-0-208-111.us-east-2.compute.internal,openshift-image-registry,cluster-image-registry-operator-695bf6b8bf-hthw7,6.394640,72.000000,,239953182720.000000,,,4.000000,14400.000000,16502939648.000000,59410582732800.000000,i-0a265277069898d4c,label_name:cluster-image-registry-operator|label_pod_template_hash:695bf6b8bf
2020-11-01 00:00:00 +0000 UTC,2020-12-01 00:00:00 +0000 UTC,2020-11-06 18:00:00 +0000 UTC,2020-11-06 18:59:59 +0000 UTC,ip-10-0-184-152.us-east-2.compute.internal,openshift-kube-controller-manager,revision-pruner-13-ip-10-0-184-152.us-east-2.compute.internal,,540.000000,540.000000,,360000000000.000000,360000000000.000000,4.000000,14400.000000,16502939648.000000,59410582732800.000000,i-0d747f55dc1009705,label_app:pruner
2020-11-01 00:00:00 +0000 UTC,2020-12-01 00:00:00 +0000 UTC,2020-11-06 18:00:00 +0000 UTC,2020-11-06 18:59:59 +0000 UTC,ip-10-0-150-20.us-east-2.compute.internal,openshift-sdn,sdn-controller-kmb28,0.454280,36.000000,,105753968640.000000,188743680000.000000,,4.000000,14400.000000,16502939648.000000,59410582732800.000000,i-07017c9d687179be8,label_app:sdn-controller|label_controller_revision_hash:58c5bb7768|label_pod_template_generation:1
2020-11-01 00:00:00 +0000 UTC,2020-12-01 00:00:00 +0000 UTC,2020-11-06 18:00:00 +0000 UTC,2020-11-06 18:59:59 +0000 UTC,ip-10-0-150-20.us-east-2.compute.internal,openshift-machine-api,cluster-autoscaler-operator-86bc4f8796-7vwtr,2.976509,108.000000,,144377610240.000000,264241152000.000000,,4.000000,14400.000000,16502939648.000000,59410582732800.000000,i-07017c9d687179be8,label_k8s_app:cluster-autoscaler-operator|label_pod_template_hash:86bc4f8796
2020-11-01 00:00:00 +0000 UTC,2020-12-01 00:00:00 +0000 UTC,2020-11-06 18:00:00 +0000 UTC,2020-11-06 18:59:59 +0000 UTC,ip-10-0-184-152.us-east-2.compute.internal,openshift-cluster-node-tuning-operator,tuned-fjckv,0.751837,36.000000,,122326794240.000000,188743680000.000000,,4.000000,14400.000000,16502939648.000000,59410582732800.000000,i-0d747f55dc1009705,label_controller_revision_hash:5f8576cddb|label_openshift_app:tuned|label_pod_template_generation:1
2020-11-01 00:00:00 +0000 UTC,2020-12-01 00:00:00 +0000 UTC,2020-11-06 18:00:00 +0000 UTC,2020-11-06 18:59:59 +0000 UTC,ip-10-0-184-152.us-east-2.compute.internal,openshift-kube-controller-manager,installer-16-ip-10-0-184-152.us-east-2.compute.internal,,540.000000,540.000000,,360000000000.000000,360000000000.000000,4.000000,14400.000000,16502939648.000000,59410582732800.000000,i-0d747f55dc1009705,label_app:installer
2020-11-01 00:00:00 +0000 UTC,2020-12-01 00:00:00 +0000 UTC,2020-11-06 18:00:00 +0000 UTC,2020-11-06 18:59:59 +0000 UTC,ip-10-0-150-20.us-east-2.compute.internal,openshift-etcd,revision-pruner-2-ip-10-0-150-20.us-east-2.compute.internal,,540.000000,540.000000,,360000000000.000000,360000000000.000000,4.000000,14400.000000,16502939648.000000,59410582732800.000000,i-07017c9d687179be8,label_app:pruner
2020-11-01 00:00:00 +0000 UTC,2020-12-01 00:00:00 +0000 UTC,2020-11-06 18:00:00 +0000 UTC,2020-11-06 18:59:59 +0000 UTC,ip-10-0-146-115.us-east-2.compute.internal,openshift-cluster-node-tuning-operator,tuned-54lmq,0.775824,36.000000,,298908057600.000000,188743680000.000000,,8.000000,28800.000000,33237303296.000000,119654291865600.000000,i-0eb3a4cb7807fb144,label_controller_revision_hash:5f8576cddb|label_openshift_app:tuned|label_pod_template_generation:1
2020-11-01 00:00:00 +0000 UTC,2020-12-01 00:00:00 +0000 UTC,2020-11-06 18:00:00 +0000 UTC,2020-11-06 18:59:59 +0000 UTC,ip-10-0-208-111.us-east-2.compute.internal,openshift-sdn,ovs-bz8vc,67.649129,360.000000,,332112199680.000000,1509949440000.000000,,4.000000,14400.000000,16502939648.000000,59410582732800.000000,i-0a265277069898d4c,label_app:ovs|label_component:network|label_controller_revision_hash:78749b5864|label_openshift_io_component:network|label_pod_template_generation:1|label_type:infra
2020-11-01 00:00:00 +0000 UTC,2020-12-01 00:00:00 +0000 UTC,2020-11-06 18:00:00 +0000 UTC,2020-11-06 18:59:59 +0000 UTC,ip-10-0-184-152.us-east-2.compute.internal,openshift-cluster-version,cluster-version-operator-86747c4bd5-cqs7p,19.313898,72.000000,,303737733120.000000,188743680000.000000,,4.000000,14400.000000,16502939648.000000,59410582732800.000000,i-0d747f55dc1009705,label_k8s_app:cluster-version-operator|label_pod_template_hash:86747c4bd5
2020-11-01 00:00:00 +0000 UTC,2020-12-01 00:00:00 +0000 UTC,2020-11-06 18:00:00 +0000 UTC,2020-11-06 18:59:59 +0000 UTC,ip-10-0-208-111.us-east-2.compute.internal,openshift-multus,multus-admission-controller-82hfq,2.221931,72.000000,,159369707520.000000,75497472000.000000,,4.000000,14400.000000,16502939648.000000,59410582732800.000000,i-0a265277069898d4c,label_app:multus-admission-controller|label_component:network|label_controller_revision_hash:7b7b7f6987|label_namespace:openshift-multus|label_openshift_io_component:network|label_pod_template_generation:1|label_type:infra
2020-11-01 00:00:00 +0000 UTC,2020-12-01 00:00:00 +0000 UTC,2020-11-06 18:00:00 +0000 UTC,2020-11-06 18:59:59 +0000 UTC,ip-10-0-150-20.us-east-2.compute.internal,openshift-machine-config-operator,machine-config-controller-d5d767c77-27pqm,4.159525,72.000000,,164980899840.000000,188743680000.000000,,4.000000,14400.000000,16502939648.000000,59410582732800.000000,i-07017c9d687179be8,label_k8s_app:machine-config-controller|label_pod_template_hash:d5d767c77
2020-11-01 00:00:00 +0000 UTC,2020-12-01 00:00:00 +0000 UTC,2020-11-06 18:00:00 +0000 UTC,2020-11-06 18:59:59 +0000 UTC,ip-10-0-208-111.us-east-2.compute.internal,openshift-image-registry,node-ca-kqgkj,0.857680,36.000000,,12692520960.000000,37748736000.000000,,4.000000,14400.000000,16502939648.000000,59410582732800.000000,i-0a265277069898d4c,label_controller_revision_hash:7dbf69f566|label_name:node-ca|label_pod_template_generation:1
2020-11-01 00:00:00 +0000 UTC,2020-12-01 00:00:00 +0000 UTC,2020-11-06 18:00:00 +0000 UTC,2020-11-06 18:59:59 +0000 UTC,ip-10-0-184-152.us-east-2.compute.internal,openshift-machine-config-operator,machine-config-operator-d5b88b745-l5b77,311.494825,72.000000,,259286384640.000000,188743680000.000000,,4.000000,14400.000000,16502939648.000000,59410582732800.000000,i-0d747f55dc1009705,label_k8s_app:machine-config-operator|label_pod_template_hash:d5b88b745
2020-11-01 00:00:00 +0000 UTC,2020-12-01 00:00:00 +0000 UTC,2020-11-06 18:00:00 +0000 UTC,2020-11-06 18:59:59 +0000 UTC,ip-10-0-208-111.us-east-2.compute.internal,openshift-kube-apiserver,kube-apiserver-ip-10-0-208-111.us-east-2.compute.internal,619.873901,1188.000000,,6111274106880.000000,4431701606400.000000,,4.000000,14400.000000,16502939648.000000,59410582732800.000000,i-0a265277069898d4c,label_apiserver:true|label_app:openshift-kube-apiserver|label_revision:14
2020-11-01 00:00:00 +0000 UTC,2020-12-01 00:00:00 +0000 UTC,2020-11-06 18:00:00 +0000 UTC,2020-11-06 18:59:59 +0000 UTC,ip-10-0-208-111.us-east-2.compute.internal,openshift-machine-config-operator,etcd-quorum-guard-97cd4c8bd-k9clx,18.566577,36.000000,,34299985920.000000,18874368000.000000,,4.000000,14400.000000,16502939648.000000,59410582732800.000000,i-0a265277069898d4c,label_k8s_app:etcd-quorum-guard|label_name:etcd-quorum-guard|label_pod_template_hash:97cd4c8bd
2020-11-01 00:00:00 +0000 UTC,2020-12-01 00:00:00 +0000 UTC,2020-11-06 18:00:00 +0000 UTC,2020-11-06 18:59:59 +0000 UTC,ip-10-0-184-152.us-east-2.compute.internal,openshift-kube-controller-manager,installer-7-ip-10-0-184-152.us-east-2.compute.internal,,540.000000,540.000000,,360000000000.000000,360000000000.000000,4.000000,14400.000000,16502939648.000000,59410582732800.000000,i-0d747f55dc1009705,label_app:installer
2020-11-01 00:00:00 +0000 UTC,2020-12-01 00:00:00 +0000 UTC,2020-11-06 18:00:00 +0000 UTC,2020-11-06 18:59:59 +0000 UTC,ip-10-0-184-152.us-east-2.compute.internal,openshift-sdn,sdn-controller-vvpjn,0.990530,36.000000,,147580108800.000000,188743680000.000000,,4.000000,14400.000000,16502939648.000000,59410582732800.000000,i-0d747f55dc1009705,label_app:sdn-controller|label_controller_revision_hash:58c5bb7768|label_pod_template_generation:1
2020-11-01 00:00:00 +0000 UTC,2020-12-01 00:00:00 +0000 UTC,2020-11-06 18:00:00 +0000 UTC,2020-11-06 18:59:59 +0000 UTC,ip-10-0-184-152.us-east-2.compute.internal,openshift-kube-storage-version-migrator-operator,kube-storage-version-migrator-operator-544b784c68-vmndk,5.810450,36.000000,,166180700160.000000,188743680000.000000,,4.000000,14400.000000,16502939648.000000,59410582732800.000000,i-0d747f55dc1009705,label_app:kube-storage-version-migrator-operator|label_pod_template_hash:544b784c68
2020-11-01 00:00:00 +0000 UTC,2020-12-01 00:00:00 +0000 UTC,2020-11-06 18:00:00 +0000 UTC,2020-11-06 18:59:59 +0000 UTC,ip-10-0-184-152.us-east-2.compute.internal,openshift-machine-config-operator,etcd-quorum-guard-97cd4c8bd-qm2vn,16.302399,36.000000,,33725399040.000000,18874368000.000000,,4.000000,14400.000000,16502939648.000000,59410582732800.000000,i-0d747f55dc1009705,label_k8s_app:etcd-quorum-guard|label_name:etcd-quorum-guard|label_pod_template_hash:97cd4c8bd
2020-11-01 00:00:00 +0000 UTC,2020-12-01 00:00:00 +0000 UTC,2020-11-06 18:00:00 +0000 UTC,2020-11-06 18:59:59 +0000 UTC,ip-10-0-208-111.us-east-2.compute.internal,openshift-authentication,oauth-openshift-6994f9b87b-smlxt,7.571282,36.000000,,192344555520.000000,188743680000.000000,,4.000000,14400.000000,16502939648.000000,59410582732800.000000,i-0a265277069898d4c,label_app:oauth-openshift|label_pod_template_hash:6994f9b87b
2020-11-01 00:00:00 +0000 UTC,2020-12-01 00:00:00 +0000 UTC,2020-11-06 18:00:00 +0000 UTC,2020-11-06 18:59:59 +0000 UTC,ip-10-0-208-111.us-east-2.compute.internal,openshift-console,downloads-9cb4cd587-9zn4j,0.987235,36.000000,,71372881920.000000,188743680000.000000,,4.000000,14400.000000,16502939648.000000,59410582732800.000000,i-0a265277069898d4c,label_app:console|label_component:downloads|label_pod_template_hash:9cb4cd587
2020-11-01 00:00:00 +0000 UTC,2020-12-01 00:00:00 +0000 UTC,2020-11-06 18:00:00 +0000 UTC,2020-11-06 18:59:59 +0000 UTC,ip-10-0-189-61.us-east-2.compute.internal,openshift-image-registry,node-ca-gl2sb,0.782152,36.000000,,19901399040.000000,37748736000.000000,,8.000000,28800.000000,32884985856.000000,118385949081600.000000,i-0fa84719950bda5f1,label_controller_revision_hash:7dbf69f566|label_name:node-ca|label_pod_template_generation:1
2020-11-01 00:00:00 +0000 UTC,2020-12-01 00:00:00 +0000 UTC,2020-11-06 18:00:00 +0000 UTC,2020-11-06 18:59:59 +0000 UTC,ip-10-0-150-20.us-east-2.compute.internal,openshift-kube-scheduler,installer-10-ip-10-0-150-20.us-east-2.compute.internal,,540.000000,540.000000,,360000000000.000000,360000000000.000000,4.000000,14400.000000,16502939648.000000,59410582732800.000000,i-07017c9d687179be8,label_app:installer
2020-11-01 00:00:00 +0000 UTC,2020-12-01 00:00:00 +0000 UTC,2020-11-06 18:00:00 +0000 UTC,2020-11-06 18:59:59 +0000 UTC,ip-10-0-208-111.us-east-2.compute.internal,openshift-monitoring,cluster-monitoring-operator-cb5c5b7cd-6dppz,97.827188,36.000000,,242153226240.000000,188743680000.000000,,4.000000,14400.000000,16502939648.000000,59410582732800.000000,i-0a265277069898d4c,label_app:cluster-monitoring-operator|label_pod_template_hash:cb5c5b7cd
2020-11-01 00:00:00 +0000 UTC,2020-12-01 00:00:00 +0000 UTC,2020-11-06 18:00:00 +0000 UTC,2020-11-06 18:59:59 +0000 UTC,ip-10-0-184-152.us-east-2.compute.internal,openshift-service-catalog-apiserver-operator,openshift-service-catalog-apiserver-operator-698987b4b5-f2pv6,8.266868,,,223643566080.000000,188743680000.000000,,4.000000,14400.000000,16502939648.000000,59410582732800.000000,i-0d747f55dc1009705,label_app:openshift-service-catalog-apiserver-operator|label_pod_template_hash:698987b4b5
2020-11-01 00:00:00 +0000 UTC,2020-12-01 00:00:00 +0000 UTC,2020-11-06 18:00:00 +0000 UTC,2020-11-06 18:59:59 +0000 UTC,ip-10-0-184-152.us-east-2.compute.internal,openshift-kube-apiserver,installer-5-ip-10-0-184-152.us-east-2.compute.internal,,540.000000,540.000000,,360000000000.000000,360000000000.000000,4.000000,14400.000000,16502939648.000000,59410582732800.000000,i-0d747f55dc1009705,label_app:installer
2020-11-01 00:00:00 +0000 UTC,2020-12-01 00:00:00 +0000 UTC,2020-11-06 18:00:00 +0000 UTC,2020-11-06 18:59:59 +0000 UTC,ip-10-0-146-115.us-east-2.compute.internal,openshift-marketplace,certified-operators-6b6db8897b-9nc5q,39.886220,36.000000,,1223465041920.000000,377487360000.000000,,8.000000,28800.000000,33237303296.000000,119654291865600.000000,i-0eb3a4cb7807fb144,label_marketplace_operatorSource:certified-operators|label_pod_template_hash:6b6db8897b
2020-11-01 00:00:00 +0000 UTC,2020-12-01 00:00:00 +0000 UTC,2020-11-06 18:00:00 +0000 UTC,2020-11-06 18:59:59 +0000 UTC,ip-10-0-208-111.us-east-2.compute.internal,openshift-operator-lifecycle-manager,packageserver-6ff9547c85-m4jlg,29.303926,36.000000,,471141335040.000000,188743680000.000000,,4.000000,14400.000000,16502939648.000000,59410582732800.000000,i-0a265277069898d4c,label_app:packageserver|label_pod_template_hash:6ff9547c85
2020-11-01 00:00:00 +0000 UTC,2020-12-01 00:00:00 +0000 UTC,2020-11-06 18:00:00 +0000 UTC,2020-11-06 18:59:59 +0000 UTC,ip-10-0-184-152.us-east-2.compute.internal,openshift-sdn,sdn-vkxmx,30.238552,360.000000,,235058135040.000000,754974720000.000000,,4.000000,14400.000000,16502939648.000000,59410582732800.000000,i-0d747f55dc1009705,label_app:sdn|label_component:network|label_controller_revision_hash:66cbd78b69|label_openshift_io_component:network|label_pod_template_generation:1|label_type:infra
2020-11-01 00:00:00 +0000 UTC,2020-12-01 00:00:00 +0000 UTC,2020-11-06 18:00:00 +0000 UTC,2020-11-06 18:59:59 +0000 UTC,ip-10-0-208-111.us-east-2.compute.internal,openshift-kube-controller-manager,revision-pruner-15-ip-10-0-208-111.us-east-2.compute.internal,,540.000000,540.000000,,360000000000.000000,360000000000.000000,4.000000,14400.000000,16502939648.000000,59410582732800.000000,i-0a265277069898d4c,label_app:pruner
2020-11-01 00:00:00 +0000 UTC,2020-12-01 00:00:00 +0000 UTC,2020-11-06 18:00:00 +0000 UTC,2020-11-06 18:59:59 +0000 UTC,ip-10-0-208-111.us-east-2.compute.internal,openshift-kube-scheduler,installer-10-ip-10-0-208-111.us-east-2.compute.internal,,540.000000,540.000000,,360000000000.000000,360000000000.000000,4.000000,14400.000000,16502939648.000000,59410582732800.000000,i-0a265277069898d4c,label_app:installer
2020-11-01 00:00:00 +0000 UTC,2020-12-01 00:00:00 +0000 UTC,2020-11-06 18:00:00 +0000 UTC,2020-11-06 18:59:59 +0000 UTC,ip-10-0-208-111.us-east-2.compute.internal,openshift-etcd,revision-pruner-2-ip-10-0-208-111.us-east-2.compute.internal,,540.000000,540.000000,,360000000000.000000,360000000000.000000,4.000000,14400.000000,16502939648.000000,59410582732800.000000,i-0a265277069898d4c,label_app:pruner
2020-11-01 00:00:00 +0000 UTC,2020-12-01 00:00:00 +0000 UTC,2020-11-06 18:00:00 +0000 UTC,2020-11-06 18:59:59 +0000 UTC,ip-10-0-146-115.us-east-2.compute.internal,openshift-cluster-storage-operator,csi-snapshot-controller-operator-fbd856dd8-976cv,6.486396,36.000000,,155929559040.000000,188743680000.000000,,8.000000,28800.000000,33237303296.000000,119654291865600.000000,i-0eb3a4cb7807fb144,label_app:csi-snapshot-controller-operator|label_pod_template_hash:fbd856dd8
2020-11-01 00:00:00 +0000 UTC,2020-12-01 00:00:00 +0000 UTC,2020-11-06 18:00:00 +0000 UTC,2020-11-06 18:59:59 +0000 UTC,ip-10-0-146-115.us-east-2.compute.internal,openshift-kube-storage-version-migrator,migrator-6fcf5f5769-9hlt2,0.503632,360.000000,,126051041280.000000,754974720000.000000,,8.000000,28800.000000,33237303296.000000,119654291865600.000000,i-0eb3a4cb7807fb144,label_app:migrator|label_pod_template_hash:6fcf5f5769
2020-11-01 00:00:00 +0000 UTC,2020-12-01 00:00:00 +0000 UTC,2020-11-06 18:00:00 +0000 UTC,2020-11-06 18:59:59 +0000 UTC,ip-10-0-150-20.us-east-2.compute.internal,openshift-kube-controller-manager,installer-16-ip-10-0-150-20.us-east-2.compute.internal,,540.000000,540.000000,,360000000000.000000,360000000000.000000,4.000000,14400.000000,16502939648.000000,59410582732800.000000,i-07017c9d687179be8,label_app:installer
2020-11-01 00:00:00 +0000 UTC,2020-12-01 00:00:00 +0000 UTC,2020-11-06 18:00:00 +0000 UTC,2020-11-06 18:59:59 +0000 UTC,ip-10-0-146-115.us-east-2.compute.internal,openshift-monitoring,thanos-querier-5565d9c7d7-hwsvc,14.567283,28.800000,,553585213440.000000,271790899200.000000,,8.000000,28800.000000,33237303296.000000,119654291865600.000000,i-0eb3a4cb7807fb144,label_app_kubernetes_io_name:thanos-querier|label_pod_template_hash:5565d9c7d7
2020-11-01 00:00:00 +0000 UTC,2020-12-01 00:00:00 +0000 UTC,2020-11-06 18:00:00 +0000 UTC,2020-11-06 18:59:59 +0000 UTC,ip-10-0-184-152.us-east-2.compute.internal,openshift-kube-controller-manager,revision-pruner-14-ip-10-0-184-152.us-east-2.compute.internal,,540.000000,540.000000,,360000000000.000000,360000000000.000000,4.000000,14400.000000,16502939648.000000,59410582732800.000000,i-0d747f55dc1009705,label_app:pruner
2020-11-01 00:00:00 +0000 UTC,2020-12-01 00:00:00 +0000 UTC,2020-11-06 18:00:00 +0000 UTC,2020-11-06 18:59:59 +0000 UTC,ip-10-0-150-20.us-east-2.compute.internal,openshift-kube-controller-manager,installer-3-ip-10-0-150-20.us-east-2.compute.internal,,540.000000,540.000000,,360000000000.000000,360000000000.000000,4.000000,14400.000000,16502939648.000000,59410582732800.000000,i-07017c9d687179be8,label_app:installer
2020-11-01 00:00:00 +0000 UTC,2020-12-01 00:00:00 +0000 UTC,2020-11-06 18:00:00 +0000 UTC,2020-11-06 18:59:59 +0000 UTC,ip-10-0-208-111.us-east-2.compute.internal,openshift-machine-api,machine-api-controllers-5db745b4b7-pxbpd,4.468383,144.000000,,354419834880.000000,301989888000.000000,,4.000000,14400.000000,16502939648.000000,59410582732800.000000,i-0a265277069898d4c,label_api:clusterapi|label_k8s_app:controller|label_pod_template_hash:5db745b4b7
2020-11-01 00:00:00 +0000 UTC,2020-12-01 00:00:00 +0000 UTC,2020-11-06 18:00:00 +0000 UTC,2020-11-06 18:59:59 +0000 UTC,ip-10-0-208-111.us-east-2.compute.internal,openshift-marketplace,marketplace-operator-5bc576bff4-h4php,270.106259,36.000000,,297532047360.000000,188743680000.000000,,4.000000,14400.000000,16502939648.000000,59410582732800.000000,i-0a265277069898d4c,label_name:marketplace-operator|label_pod_template_hash:5bc576bff4
2020-11-01 00:00:00 +0000 UTC,2020-12-01 00:00:00 +0000 UTC,2020-11-06 18:00:00 +0000 UTC,2020-11-06 18:59:59 +0000 UTC,ip-10-0-150-20.us-east-2.compute.internal,openshift-kube-apiserver,installer-11-ip-10-0-150-20.us-east-2.compute.internal,,540.000000,540.000000,,360000000000.000000,360000000000.000000,4.000000,14400.000000,16502939648.000000,59410582732800.000000,i-07017c9d687179be8,label_app:installer
2020-11-01 00:00:00 +0000 UTC,2020-12-01 00:00:00 +0000 UTC,2020-11-06 18:00:00 +0000 UTC,2020-11-06 18:59:59 +0000 UTC,ip-10-0-184-152.us-east-2.compute.internal,openshift-kube-controller-manager,kube-controller-manager-ip-10-0-184-152.us-east-2.compute.internal,20.694206,360.000000,,712825159680.000000,1887436800000.000000,,4.000000,14400.000000,16502939648.000000,59410582732800.000000,i-0d747f55dc1009705,label_app:kube-controller-manager|label_kube_controller_manager:true|label_revision:16
2020-11-01 00:00:00 +0000 UTC,2020-12-01 00:00:00 +0000 UTC,2020-11-06 18:00:00 +0000 UTC,2020-11-06 18:59:59 +0000 UTC,ip-10-0-208-111.us-east-2.compute.internal,openshift-kube-controller-manager,kube-controller-manager-ip-10-0-208-111.us-east-2.compute.internal,47.738432,360.000000,,973636485120.000000,1887436800000.000000,,4.000000,14400.000000,16502939648.000000,59410582732800.000000,i-0a265277069898d4c,label_app:kube-controller-manager|label_kube_controller_manager:true|label_revision:16
2020-11-01 00:00:00 +0000 UTC,2020-12-01 00:00:00 +0000 UTC,2020-11-06 18:00:00 +0000 UTC,2020-11-06 18:59:59 +0000 UTC,ip-10-0-208-111.us-east-2.compute.internal,openshift-apiserver,apiserver-6b74f489cb-rlmwh,27.198926,360.000000,,722008965120.000000,754974720000.000000,,4.000000,14400.000000,16502939648.000000,59410582732800.000000,i-0a265277069898d4c,label_apiserver:true|label_app:openshift-apiserver-a|label_pod_template_hash:6b74f489cb|label_revision:0
2020-11-01 00:00:00 +0000 UTC,2020-12-01 00:00:00 +0000 UTC,2020-11-06 18:00:00 +0000 UTC,2020-11-06 18:59:59 +0000 UTC,ip-10-0-208-111.us-east-2.compute.internal,openshift-cluster-node-tuning-operator,tuned-w67nh,0.743892,36.000000,,136450375680.000000,188743680000.000000,,4.000000,14400.000000,16502939648.000000,59410582732800.000000,i-0a265277069898d4c,label_controller_revision_hash:5f8576cddb|label_openshift_app:tuned|label_pod_template_generation:1
2020-11-01 00:00:00 +0000 UTC,2020-12-01 00:00:00 +0000 UTC,2020-11-06 18:00:00 +0000 UTC,2020-11-06 18:59:59 +0000 UTC,ip-10-0-150-20.us-east-2.compute.internal,openshift-kube-controller-manager,revision-pruner-5-ip-10-0-150-20.us-east-2.compute.internal,,540.000000,540.000000,,360000000000.000000,360000000000.000000,4.000000,14400.000000,16502939648.000000,59410582732800.000000,i-07017c9d687179be8,label_app:pruner
2020-11-01 00:00:00 +0000 UTC,2020-12-01 00:00:00 +0000 UTC,2020-11-06 18:00:00 +0000 UTC,2020-11-06 18:59:59 +0000 UTC,ip-10-0-189-61.us-east-2.compute.internal,openshift-dns,dns-default-7twng,7.704636,396.000000,,294032179200.000000,264241152000.000000,1932735283200.000000,8.000000,28800.000000,32884985856.000000,118385949081600.000000,i-0fa84719950bda5f1,label_controller_revision_hash:95cc96b59|label_dns_operator_openshift_io_daemonset_dns:default|label_pod_template_generation:1
2020-11-01 00:00:00 +0000 UTC,2020-12-01 00:00:00 +0000 UTC,2020-11-06 18:00:00 +0000 UTC,2020-11-06 18:59:59 +0000 UTC,ip-10-0-184-152.us-east-2.compute.internal,openshift-dns-operator,dns-operator-c586b5b64-7cf5g,2.119993,72.000000,,192222658560.000000,150994944000.000000,,4.000000,14400.000000,16502939648.000000,59410582732800.000000,i-0d747f55dc1009705,label_name:dns-operator|label_pod_template_hash:c586b5b64
2020-11-01 00:00:00 +0000 UTC,2020-12-01 00:00:00 +0000 UTC,2020-11-06 18:00:00 +0000 UTC,2020-11-06 18:59:59 +0000 UTC,ip-10-0-208-111.us-east-2.compute.internal,openshift-kube-scheduler,revision-pruner-12-ip-10-0-208-111.us-east-2.compute.internal,,540.000000,540.000000,,360000000000.000000,360000000000.000000,4.000000,14400.000000,16502939648.000000,59410582732800.000000,i-0a265277069898d4c,label_app:pruner
2020-11-01 00:00:00 +0000 UTC,2020-12-01 00:00:00 +0000 UTC,2020-11-06 18:00:00 +0000 UTC,2020-11-06 18:59:59 +0000 UTC,ip-10-0-189-61.us-east-2.compute.internal,openshift-metering,presto-coordinator-0,390.529537,7200.000000,14400.000000,12315836497920.000000,7730941132800.000000,15461882265600.000000,8.000000,28800.000000,32884985856.000000,118385949081600.000000,i-0fa84719950bda5f1,label_app:presto|label_controller_revision_hash:presto-coordinator-7bf767d985|label_presto:coordinator|label_statefulset_kubernetes_io_pod_name:presto-coordinator-0
2020-11-01 00:00:00 +0000 UTC,2020-12-01 00:00:00 +0000 UTC,2020-11-06 18:00:00 +0000 UTC,2020-11-06 18:59:59 +0000 UTC,ip-10-0-146-115.us-east-2.compute.internal,openshift-metering,reporting-operator-5f96585d6-8dss4,12.363365,2160.000000,5400.000000,282856980480.000000,566231040000.000000,2264924160000.000000,8.000000,28800.000000,33237303296.000000,119654291865600.000000,i-0eb3a4cb7807fb144,label_app:reporting-operator|label_pod_template_hash:5f96585d6
2020-11-01 00:00:00 +0000 UTC,2020-12-01 00:00:00 +0000 UTC,2020-11-06 18:00:00 +0000 UTC,2020-11-06 18:59:59 +0000 UTC,ip-10-0-208-111.us-east-2.compute.internal,openshift-cluster-samples-operator,cluster-samples-operator-5b8bdd55ff-z6rlj,6.138445,72.000000,,237275873280.000000,,,4.000000,14400.000000,16502939648.000000,59410582732800.000000,i-0a265277069898d4c,label_name:cluster-samples-operator|label_pod_template_hash:5b8bdd55ff
2020-11-01 00:00:00 +0000 UTC,2020-12-01 00:00:00 +0000 UTC,2020-11-06 18:00:00 +0000 UTC,2020-11-06 18:59:59 +0000 UTC,ip-10-0-208-111.us-east-2.compute.internal,openshift-kube-controller-manager,installer-14-ip-10-0-208-111.us-east-2.compute.internal,,540.000000,540.000000,,360000000000.000000,360000000000.000000,4.000000,14400.000000,16502939648.000000,59410582732800.000000,i-0a265277069898d4c,label_app:installer
2020-11-01 00:00:00 +0000 UTC,2020-12-01 00:00:00 +0000 UTC,2020-11-06 18:00:00 +0000 UTC,2020-11-06 18:59:59 +0000 UTC,ip-10-0-189-61.us-east-2.compute.internal,openshift-machine-config-operator,machine-config-daemon-b552n,3.048974,144.000000,,588320194560.000000,377487360000.000000,,8.000000,28800.000000,32884985856.000000,118385949081600.000000,i-0fa84719950bda5f1,label_controller_revision_hash:7fb4bd6f5b|label_k8s_app:machine-config-daemon|label_pod_template_generation:1
2020-11-01 00:00:00 +0000 UTC,2020-12-01 00:00:00 +0000 UTC,2020-11-06 18:00:00 +0000 UTC,2020-11-06 18:59:59 +0000 UTC,ip-10-0-146-115.us-east-2.compute.internal,openshift-monitoring,grafana-6cc48f566-hr5dm,13.598638,18.000000,,370408734720.000000,452984832000.000000,,8.000000,28800.000000,33237303296.000000,119654291865600.000000,i-0eb3a4cb7807fb144,label_app:grafana|label_pod_template_hash:6cc48f566
2020-11-01 00:00:00 +0000 UTC,2020-12-01 00:00:00 +0000 UTC,2020-11-06 18:00:00 +0000 UTC,2020-11-06 18:59:59 +0000 UTC,ip-10-0-150-20.us-east-2.compute.internal,openshift-kube-controller-manager,installer-15-ip-10-0-150-20.us-east-2.compute.internal,,540.000000,540.000000,,360000000000.000000,360000000000.000000,4.000000,14400.000000,16502939648.000000,59410582732800.000000,i-07017c9d687179be8,label_app:installer
2020-11-01 00:00:00 +0000 UTC,2020-12-01 00:00:00 +0000 UTC,2020-11-06 18:00:00 +0000 UTC,2020-11-06 18:59:59 +0000 UTC,ip-10-0-189-61.us-east-2.compute.internal,openshift-monitoring,prometheus-k8s-0,318.449778,273.600000,,8231409254400.000000,4469450342400.000000,,8.000000,28800.000000,32884985856.000000,118385949081600.000000,i-0fa84719950bda5f1,label_app:prometheus|label_controller_revision_hash:prometheus-k8s-7465cfd977|label_prometheus:k8s|label_statefulset_kubernetes_io_pod_name:prometheus-k8s-0
2020-11-01 00:00:00 +0000 UTC,2020-12-01 00:00:00 +0000 UTC,2020-11-06 18:00:00 +0000 UTC,2020-11-06 18:59:59 +0000 UTC,ip-10-0-150-20.us-east-2.compute.internal,openshift-kube-controller-manager,revision-pruner-3-ip-10-0-150-20.us-east-2.compute.internal,,540.000000,540.000000,,360000000000.000000,360000000000.000000,4.000000,14400.000000,16502939648.000000,59410582732800.000000,i-07017c9d687179be8,label_app:pruner
2020-11-01 00:00:00 +0000 UTC,2020-12-01 00:00:00 +0000 UTC,2020-11-06 18:00:00 +0000 UTC,2020-11-06 18:59:59 +0000 UTC,ip-10-0-150-20.us-east-2.compute.internal,openshift-multus,multus-admission-controller-5pqzn,2.318329,72.000000,,158861967360.000000,75497472000.000000,,4.000000,14400.000000,16502939648.000000,59410582732800.000000,i-07017c9d687179be8,label_app:multus-admission-controller|label_component:network|label_controller_revision_hash:7b7b7f6987|label_namespace:openshift-multus|label_openshift_io_component:network|label_pod_template_generation:1|label_type:infra
2020-11-01 00:00:00 +0000 UTC,2020-12-01 00:00:00 +0000 UTC,2020-11-06 18:00:00 +0000 UTC,2020-11-06 18:59:59 +0000 UTC,ip-10-0-150-20.us-east-2.compute.internal,openshift-etcd,etcd-ip-10-0-150-20.us-east-2.compute.internal,852.830717,1656.000000,,43552172359680.000000,3472883712000.000000,,4.000000,14400.000000,16502939648.000000,59410582732800.000000,i-07017c9d687179be8,label_app:etcd|label_etcd:true|label_k8s_app:etcd|label_revision:2
2020-11-01 00:00:00 +0000 UTC,2020-12-01 00:00:00 +0000 UTC,2020-11-06 18:00:00 +0000 UTC,2020-11-06 18:59:59 +0000 UTC,ip-10-0-208-111.us-east-2.compute.internal,openshift-kube-controller-manager,installer-13-ip-10-0-208-111.us-east-2.compute.internal,,540.000000,540.000000,,360000000000.000000,360000000000.000000,4.000000,14400.000000,16502939648.000000,59410582732800.000000,i-0a265277069898d4c,label_app:installer
2020-11-01 00:00:00 +0000 UTC,2020-12-01 00:00:00 +0000 UTC,2020-11-06 18:00:00 +0000 UTC,2020-11-06 18:59:59 +0000 UTC,ip-10-0-208-111.us-east-2.compute.internal,openshift-kube-controller-manager,revision-pruner-4-ip-10-0-208-111.us-east-2.compute.internal,,540.000000,540.000000,,360000000000.000000,360000000000.000000,4.000000,14400.000000,16502939648.000000,59410582732800.000000,i-0a265277069898d4c,label_app:pruner
2020-11-01 00:00:00 +0000 UTC,2020-12-01 00:00:00 +0000 UTC,2020-11-06 18:00:00 +0000 UTC,2020-11-06 18:59:59 +0000 UTC,ip-10-0-208-111.us-east-2.compute.internal,openshift-kube-apiserver,revision-pruner-11-ip-10-0-208-111.us-east-2.compute.internal,,540.000000,540.000000,,360000000000.000000,360000000000.000000,4.000000,14400.000000,16502939648.000000,59410582732800.000000,i-0a265277069898d4c,label_app:pruner
2020-11-01 00:00:00 +0000 UTC,2020-12-01 00:00:00 +0000 UTC,2020-11-06 18:00:00 +0000 UTC,2020-11-06 18:59:59 +0000 UTC,ip-10-0-189-61.us-east-2.compute.internal,openshift-monitoring,node-exporter-z8l86,26.283562,32.400000,,236974817280.000000,792723456000.000000,,8.000000,28800.000000,32884985856.000000,118385949081600.000000,i-0fa84719950bda5f1,label_app:node-exporter|label_controller_revision_hash:664bff5786|label_pod_template_generation:1
2020-11-01 00:00:00 +0000 UTC,2020-12-01 00:00:00 +0000 UTC,2020-11-06 18:00:00 +0000 UTC,2020-11-06 18:59:59 +0000 UTC,ip-10-0-150-20.us-east-2.compute.internal,openshift-kube-apiserver,revision-pruner-11-ip-10-0-150-20.us-east-2.compute.internal,,540.000000,540.000000,,360000000000.000000,360000000000.000000,4.000000,14400.000000,16502939648.000000,59410582732800.000000,i-07017c9d687179be8,label_app:pruner
2020-11-01 00:00:00 +0000 UTC,2020-12-01 00:00:00 +0000 UTC,2020-11-06 18:00:00 +0000 UTC,2020-11-06 18:59:59 +0000 UTC,ip-10-0-146-115.us-east-2.compute.internal,openshift-monitoring,kube-state-metrics-b88767d9b-6sbjt,52.620981,14.400000,,645727518720.000000,452984832000.000000,,8.000000,28800.000000,33237303296.000000,119654291865600.000000,i-0eb3a4cb7807fb144,label_app:kube-state-metrics|label_pod_template_hash:b88767d9b
2020-11-01 00:00:00 +0000 UTC,2020-12-01 00:00:00 +0000 UTC,2020-11-06 18:00:00 +0000 UTC,2020-11-06 18:59:59 +0000 UTC,ip-10-0-184-152.us-east-2.compute.internal,openshift-kube-controller-manager,installer-13-ip-10-0-184-152.us-east-2.compute.internal,,540.000000,540.000000,,360000000000.000000,360000000000.000000,4.000000,14400.000000,16502939648.000000,59410582732800.000000,i-0d747f55dc1009705,label_app:installer
2020-11-01 00:00:00 +0000 UTC,2020-12-01 00:00:00 +0000 UTC,2020-11-06 18:00:00 +0000 UTC,2020-11-06 18:59:59 +0000 UTC,ip-10-0-184-152.us-east-2.compute.internal,openshift-kube-controller-manager,revision-pruner-4-ip-10-0-184-152.us-east-2.compute.internal,,540.000000,540.000000,,360000000000.000000,360000000000.000000,4.000000,14400.000000,16502939648.000000,59410582732800.000000,i-0d747f55dc1009705,label_app:pruner
2020-11-01 00:00:00 +0000 UTC,2020-12-01 00:00:00 +0000 UTC,2020-11-06 18:00:00 +0000 UTC,2020-11-06 18:59:59 +0000 UTC,ip-10-0-150-20.us-east-2.compute.internal,openshift-kube-scheduler,revision-pruner-12-ip-10-0-150-20.us-east-2.compute.internal,,540.000000,540.000000,,360000000000.000000,360000000000.000000,4.000000,14400.000000,16502939648.000000,59410582732800.000000,i-07017c9d687179be8,label_app:pruner
2020-11-01 00:00:00 +0000 UTC,2020-12-01 00:00:00 +0000 UTC,2020-11-06 18:00:00 +0000 UTC,2020-11-06 18:59:59 +0000 UTC,ip-10-0-146-115.us-east-2.compute.internal,openshift-marketplace,redhat-marketplace-54f64899fb-bplcb,29.175777,36.000000,,1053650534400.000000,377487360000.000000,,8.000000,28800.000000,33237303296.000000,119654291865600.000000,i-0eb3a4cb7807fb144,label_marketplace_operatorSource:redhat-marketplace|label_pod_template_hash:54f64899fb
2020-11-01 00:00:00 +0000 UTC,2020-12-01 00:00:00 +0000 UTC,2020-11-06 18:00:00 +0000 UTC,2020-11-06 18:59:59 +0000 UTC,ip-10-0-208-111.us-east-2.compute.internal,openshift-kube-scheduler,openshift-kube-scheduler-ip-10-0-208-111.us-east-2.compute.internal,11.343540,72.000000,,330142187520.000000,377487360000.000000,,4.000000,14400.000000,16502939648.000000,59410582732800.000000,i-0a265277069898d4c,label_app:openshift-kube-scheduler|label_revision:12|label_scheduler:true
2020-11-01 00:00:00 +0000 UTC,2020-12-01 00:00:00 +0000 UTC,2020-11-06 18:00:00 +0000 UTC,2020-11-06 18:59:59 +0000 UTC,ip-10-0-150-20.us-east-2.compute.internal,openshift-machine-config-operator,etcd-quorum-guard-97cd4c8bd-7fd4t,16.145511,36.000000,,32523386880.000000,18874368000.000000,,4.000000,14400.000000,16502939648.000000,59410582732800.000000,i-07017c9d687179be8,label_k8s_app:etcd-quorum-guard|label_name:etcd-quorum-guard|label_pod_template_hash:97cd4c8bd
2020-11-01 00:00:00 +0000 UTC,2020-12-01 00:00:00 +0000 UTC,2020-11-06 18:00:00 +0000 UTC,2020-11-06 18:59:59 +0000 UTC,ip-10-0-208-111.us-east-2.compute.internal,openshift-sdn,sdn-controller-d79cr,0.411619,36.000000,,73479536640.000000,188743680000.000000,,4.000000,14400.000000,16502939648.000000,59410582732800.000000,i-0a265277069898d4c,label_app:sdn-controller|label_controller_revision_hash:58c5bb7768|label_pod_template_generation:1
2020-11-01 00:00:00 +0000 UTC,2020-12-01 00:00:00 +0000 UTC,2020-11-06 18:00:00 +0000 UTC,2020-11-06 18:59:59 +0000 UTC,ip-10-0-184-152.us-east-2.compute.internal,openshift-console,console-67896cd46c-vc825,2.986041,36.000000,,91286077440.000000,377487360000.000000,,4.000000,14400.000000,16502939648.000000,59410582732800.000000,i-0d747f55dc1009705,label_app:console|label_component:ui|label_pod_template_hash:67896cd46c
2020-11-01 00:00:00 +0000 UTC,2020-12-01 00:00:00 +0000 UTC,2020-11-06 18:00:00 +0000 UTC,2020-11-06 18:59:59 +0000 UTC,ip-10-0-150-20.us-east-2.compute.internal,openshift-kube-controller-manager,revision-pruner-13-ip-10-0-150-20.us-east-2.compute.internal,,540.000000,540.000000,,360000000000.000000,360000000000.000000,4.000000,14400.000000,16502939648.000000,59410582732800.000000,i-07017c9d687179be8,label_app:pruner
2020-11-01 00:00:00 +0000 UTC,2020-12-01 00:00:00 +0000 UTC,2020-11-06 18:00:00 +0000 UTC,2020-11-06 18:59:59 +0000 UTC,ip-10-0-150-20.us-east-2.compute.internal,openshift-kube-apiserver,revision-pruner-6-ip-10-0-150-20.us-east-2.compute.internal,,540.000000,540.000000,,360000000000.000000,360000000000.000000,4.000000,14400.000000,16502939648.000000,59410582732800.000000,i-07017c9d687179be8,label_app:pruner
2020-11-01 00:00:00 +0000 UTC,2020-12-01 00:00:00 +0000 UTC,2020-11-06 18:00:00 +0000 UTC,2020-11-06 18:59:59 +0000 UTC,ip-10-0-184-152.us-east-2.compute.internal,openshift-kube-controller-manager,installer-14-ip-10-0-184-152.us-east-2.compute.internal,,540.000000,540.000000,,360000000000.000000,360000000000.000000,4.000000,14400.000000,16502939648.000000,59410582732800.000000,i-0d747f55dc1009705,label_app:installer
2020-11-01 00:00:00 +0000 UTC,2020-12-01 00:00:00 +0000 UTC,2020-11-06 18:00:00 +0000 UTC,2020-11-06 18:59:59 +0000 UTC,ip-10-0-146-115.us-east-2.compute.internal,openshift-sdn,ovs-jtcfq,87.013341,360.000000,,470756720640.000000,1509949440000.000000,,8.000000,28800.000000,33237303296.000000,119654291865600.000000,i-0eb3a4cb7807fb144,label_app:ovs|label_component:network|label_controller_revision_hash:78749b5864|label_openshift_io_component:network|label_pod_template_generation:1|label_type:infra
2020-11-01 00:00:00 +0000 UTC,2020-12-01 00:00:00 +0000 UTC,2020-11-06 18:00:00 +0000 UTC,2020-11-06 18:59:59 +0000 UTC,ip-10-0-189-61.us-east-2.compute.internal,openshift-monitoring,thanos-querier-5565d9c7d7-qjxr9,15.285887,28.800000,,561255383040.000000,271790899200.000000,,8.000000,28800.000000,32884985856.000000,118385949081600.000000,i-0fa84719950bda5f1,label_app_kubernetes_io_name:thanos-querier|label_pod_template_hash:5565d9c7d7
2020-11-01 00:00:00 +0000 UTC,2020-12-01 00:00:00 +0000 UTC,2020-11-06 18:00:00 +0000 UTC,2020-11-06 18:59:59 +0000 UTC,ip-10-0-184-152.us-east-2.compute.internal,openshift-kube-controller-manager,revision-pruner-16-ip-10-0-184-152.us-east-2.compute.internal,,540.000000,540.000000,,360000000000.000000,360000000000.000000,4.000000,14400.000000,16502939648.000000,59410582732800.000000,i-0d747f55dc1009705,label_app:pruner
2020-11-01 00:00:00 +0000 UTC,2020-12-01 00:00:00 +0000 UTC,2020-11-06 18:00:00 +0000 UTC,2020-11-06 18:59:59 +0000 UTC,ip-10-0-184-152.us-east-2.compute.internal,openshift-kube-scheduler-operator,openshift-kube-scheduler-operator-7b6d6f78cc-d2d6l,46.865577,,,254483005440.000000,188743680000.000000,,4.000000,14400.000000,16502939648.000000,59410582732800.000000,i-0d747f55dc1009705,label_app:openshift-kube-scheduler-operator|label_pod_template_hash:7b6d6f78cc
2020-11-01 00:00:00 +0000 UTC,2020-12-01 00:00:00 +0000 UTC,2020-11-06 18:00:00 +0000 UTC,2020-11-06 18:59:59 +0000 UTC,ip-10-0-146-115.us-east-2.compute.internal,openshift-image-registry,image-registry-7579444bc4-tw8cr,3.953614,360.000000,,210523914240.000000,966367641600.000000,,8.000000,28800.000000,33237303296.000000,119654291865600.000000,i-0eb3a4cb7807fb144,label_docker_registry:default|label_pod_template_hash:7579444bc4
2020-11-01 00:00:00 +0000 UTC,2020-12-01 00:00:00 +0000 UTC,2020-11-06 18:00:00 +0000 UTC,2020-11-06 18:59:59 +0000 UTC,ip-10-0-184-152.us-east-2.compute.internal,openshift-kube-controller-manager,revision-pruner-7-ip-10-0-184-152.us-east-2.compute.internal,,540.000000,540.000000,,360000000000.000000,360000000000.000000,4.000000,14400.000000,16502939648.000000,59410582732800.000000,i-0d747f55dc1009705,label_app:pruner
2020-11-01 00:00:00 +0000 UTC,2020-12-01 00:00:00 +0000 UTC,2020-11-06 18:00:00 +0000 UTC,2020-11-06 18:59:59 +0000 UTC,ip-10-0-184-152.us-east-2.compute.internal,openshift-kube-controller-manager-operator,kube-controller-manager-operator-7ccbd8c597-7fc9r,46.181145,36.000000,,264634122240.000000,188743680000.000000,,4.000000,14400.000000,16502939648.000000,59410582732800.000000,i-0d747f55dc1009705,label_app:kube-controller-manager-operator|label_pod_template_hash:7ccbd8c597
2020-11-01 00:00:00 +0000 UTC,2020-12-01 00:00:00 +0000 UTC,2020-11-06 18:00:00 +0000 UTC,2020-11-06 18:59:59 +0000 UTC,ip-10-0-189-61.us-east-2.compute.internal,openshift-multus,multus-cwnnn,3.721089,36.000000,,17329029120.000000,566231040000.000000,,8.000000,28800.000000,32884985856.000000,118385949081600.000000,i-0fa84719950bda5f1,label_app:multus|label_component:network|label_controller_revision_hash:846cd45bbd|label_openshift_io_component:network|label_pod_template_generation:1|label_type:infra
2020-11-01 00:00:00 +0000 UTC,2020-12-01 00:00:00 +0000 UTC,2020-11-06 18:00:00 +0000 UTC,2020-11-06 18:59:59 +0000 UTC,ip-10-0-150-20.us-east-2.compute.internal,openshift-cluster-node-tuning-operator,tuned-fz4z8,0.771858,36.000000,,127449907200.000000,188743680000.000000,,4.000000,14400.000000,16502939648.000000,59410582732800.000000,i-07017c9d687179be8,label_controller_revision_hash:5f8576cddb|label_openshift_app:tuned|label_pod_template_generation:1
2020-11-01 00:00:00 +0000 UTC,2020-12-01 00:00:00 +0000 UTC,2020-11-06 18:00:00 +0000 UTC,2020-11-06 18:59:59 +0000 UTC,ip-10-0-184-152.us-east-2.compute.internal,openshift-multus,multus-7wghx,4.176265,36.000000,,13826949120.000000,566231040000.000000,,4.000000,14400.000000,16502939648.000000,59410582732800.000000,i-0d747f55dc1009705,label_app:multus|label_component:network|label_controller_revision_hash:846cd45bbd|label_openshift_io_component:network|label_pod_template_generation:1|label_type:infra
2020-11-01 00:00:00 +0000 UTC,2020-12-01 00:00:00 +0000 UTC,2020-11-06 18:00:00 +0000 UTC,2020-11-06 18:59:59 +0000 UTC,ip-10-0-184-152.us-east-2.compute.internal,openshift-operator-lifecycle-manager,catalog-operator-77c89ccdcb-dcl2n,419.548420,36.000000,,438939648000.000000,301989888000.000000,,4.000000,14400.000000,16502939648.000000,59410582732800.000000,i-0d747f55dc1009705,label_app:catalog-operator|label_pod_template_hash:77c89ccdcb
2020-11-01 00:00:00 +0000 UTC,2020-12-01 00:00:00 +0000 UTC,2020-11-06 18:00:00 +0000 UTC,2020-11-06 18:59:59 +0000 UTC,ip-10-0-208-111.us-east-2.compute.internal,openshift-service-ca,service-ca-7c89b6dd78-nwlj5,42.987476,36.000000,,490631331840.000000,452984832000.000000,,4.000000,14400.000000,16502939648.000000,59410582732800.000000,i-0a265277069898d4c,label_app:service-ca|label_pod_template_hash:7c89b6dd78|label_service_ca:true
2020-11-01 00:00:00 +0000 UTC,2020-12-01 00:00:00 +0000 UTC,2020-11-06 18:00:00 +0000 UTC,2020-11-06 18:59:59 +0000 UTC,ip-10-0-208-111.us-east-2.compute.internal,openshift-kube-apiserver,installer-3-ip-10-0-208-111.us-east-2.compute.internal,,540.000000,540.000000,,360000000000.000000,360000000000.000000,4.000000,14400.000000,16502939648.000000,59410582732800.000000,i-0a265277069898d4c,label_app:installer
2020-11-01 00:00:00 +0000 UTC,2020-12-01 00:00:00 +0000 UTC,2020-11-06 18:00:00 +0000 UTC,2020-11-06 18:59:59 +0000 UTC,ip-10-0-150-20.us-east-2.compute.internal,openshift-console,downloads-9cb4cd587-xfvhj,1.059403,36.000000,,76116049920.000000,188743680000.000000,,4.000000,14400.000000,16502939648.000000,59410582732800.000000,i-07017c9d687179be8,label_app:console|label_component:downloads|label_pod_template_hash:9cb4cd587
2020-11-01 00:00:00 +0000 UTC,2020-12-01 00:00:00 +0000 UTC,2020-11-06 18:00:00 +0000 UTC,2020-11-06 18:59:59 +0000 UTC,ip-10-0-146-115.us-east-2.compute.internal,openshift-monitoring,alertmanager-main-1,10.877549,21.600000,,220462940160.000000,830472192000.000000,,8.000000,28800.000000,33237303296.000000,119654291865600.000000,i-0eb3a4cb7807fb144,label_alertmanager:main|label_app:alertmanager|label_controller_revision_hash:alertmanager-main-74bb986dfc|label_statefulset_kubernetes_io_pod_name:alertmanager-main-1
2020-11-01 00:00:00 +0000 UTC,2020-12-01 00:00:00 +0000 UTC,2020-11-06 18:00:00 +0000 UTC,2020-11-06 18:59:59 +0000 UTC,ip-10-0-150-20.us-east-2.compute.internal,openshift-etcd,installer-2-ip-10-0-150-20.us-east-2.compute.internal,,540.000000,540.000000,,360000000000.000000,360000000000.000000,4.000000,14400.000000,16502939648.000000,59410582732800.000000,i-07017c9d687179be8,label_app:installer
2020-11-01 00:00:00 +0000 UTC,2020-12-01 00:00:00 +0000 UTC,2020-11-06 18:00:00 +0000 UTC,2020-11-06 18:59:59 +0000 UTC,ip-10-0-184-152.us-east-2.compute.internal,openshift-machine-config-operator,machine-config-server-d4vrv,27.803570,72.000000,,52114391040.000000,188743680000.000000,,4.000000,14400.000000,16502939648.000000,59410582732800.000000,i-0d747f55dc1009705,label_controller_revision_hash:854578fb64|label_k8s_app:machine-config-server|label_pod_template_generation:1
2020-11-01 00:00:00 +0000 UTC,2020-12-01 00:00:00 +0000 UTC,2020-11-06 18:00:00 +0000 UTC,2020-11-06 18:59:59 +0000 UTC,ip-10-0-146-115.us-east-2.compute.internal,openshift-ingress,router-default-5f4778557d-fncwj,8.434484,360.000000,,295764541440.000000,966367641600.000000,,8.000000,28800.000000,33237303296.000000,119654291865600.000000,i-0eb3a4cb7807fb144,label_ingresscontroller_operator_openshift_io_deployment_ingresscontroller:default|label_ingresscontroller_operator_openshift_io_hash:778c7cbf9f|label_pod_template_hash:5f4778557d
2020-11-01 00:00:00 +0000 UTC,2020-12-01 00:00:00 +0000 UTC,2020-11-06 18:00:00 +0000 UTC,2020-11-06 18:59:59 +0000 UTC,ip-10-0-184-152.us-east-2.compute.internal,openshift-kube-controller-manager,installer-4-ip-10-0-184-152.us-east-2.compute.internal,,540.000000,540.000000,,360000000000.000000,360000000000.000000,4.000000,14400.000000,16502939648.000000,59410582732800.000000,i-0d747f55dc1009705,label_app:installer
2020-11-01 00:00:00 +0000 UTC,2020-12-01 00:00:00 +0000 UTC,2020-11-06 18:00:00 +0000 UTC,2020-11-06 18:59:59 +0000 UTC,ip-10-0-208-111.us-east-2.compute.internal,openshift-console-operator,console-operator-56586f4c67-9hp5p,12.190608,36.000000,,267934679040.000000,377487360000.000000,,4.000000,14400.000000,16502939648.000000,59410582732800.000000,i-0a265277069898d4c,label_name:console-operator|label_pod_template_hash:56586f4c67
2020-11-01 00:00:00 +0000 UTC,2020-12-01 00:00:00 +0000 UTC,2020-11-06 18:00:00 +0000 UTC,2020-11-06 18:59:59 +0000 UTC,ip-10-0-184-152.us-east-2.compute.internal,openshift-kube-apiserver,revision-pruner-9-ip-10-0-184-152.us-east-2.compute.internal,,540.000000,540.000000,,360000000000.000000,360000000000.000000,4.000000,14400.000000,16502939648.000000,59410582732800.000000,i-0d747f55dc1009705,label_app:pruner
2020-11-01 00:00:00 +0000 UTC,2020-12-01 00:00:00 +0000 UTC,2020-11-06 18:00:00 +0000 UTC,2020-11-06 18:59:59 +0000 UTC,ip-10-0-184-152.us-east-2.compute.internal,openshift-sdn,ovs-85glh,78.709898,360.000000,,335089582080.000000,1509949440000.000000,,4.000000,14400.000000,16502939648.000000,59410582732800.000000,i-0d747f55dc1009705,label_app:ovs|label_component:network|label_controller_revision_hash:78749b5864|label_openshift_io_component:network|label_pod_template_generation:1|label_type:infra
2020-11-01 00:00:00 +0000 UTC,2020-12-01 00:00:00 +0000 UTC,2020-11-06 18:00:00 +0000 UTC,2020-11-06 18:59:59 +0000 UTC,ip-10-0-184-152.us-east-2.compute.internal,openshift-network-operator,network-operator-ffdb57854-z6lb2,911.390801,36.000000,,285360291840.000000,188743680000.000000,,4.000000,14400.000000,16502939648.000000,59410582732800.000000,i-0d747f55dc1009705,label_name:network-operator|label_pod_template_hash:ffdb57854
2020-11-01 00:00:00 +0000 UTC,2020-12-01 00:00:00 +0000 UTC,2020-11-06 18:00:00 +0000 UTC,2020-11-06 18:59:59 +0000 UTC,ip-10-0-189-61.us-east-2.compute.internal,openshift-cluster-node-tuning-operator,tuned-cl4mj,0.756518,36.000000,,288895795200.000000,188743680000.000000,,8.000000,28800.000000,32884985856.000000,118385949081600.000000,i-0fa84719950bda5f1,label_controller_revision_hash:5f8576cddb|label_openshift_app:tuned|label_pod_template_generation:1
2020-11-01 00:00:00 +0000 UTC,2020-12-01 00:00:00 +0000 UTC,2020-11-06 18:00:00 +0000 UTC,2020-11-06 18:59:59 +0000 UTC,ip-10-0-184-152.us-east-2.compute.internal,openshift-kube-controller-manager,installer-2-ip-10-0-184-152.us-east-2.compute.internal,,540.000000,540.000000,,360000000000.000000,360000000000.000000,4.000000,14400.000000,16502939648.000000,59410582732800.000000,i-0d747f55dc1009705,label_app:installer
2020-11-01 00:00:00 +0000 UTC,2020-12-01 00:00:00 +0000 UTC,2020-11-06 18:00:00 +0000 UTC,2020-11-06 18:59:59 +0000 UTC,ip-10-0-146-115.us-east-2.compute.internal,openshift-machine-config-operator,machine-config-daemon-7rrct,3.283965,144.000000,,731047772160.000000,377487360000.000000,,8.000000,28800.000000,33237303296.000000,119654291865600.000000,i-0eb3a4cb7807fb144,label_controller_revision_hash:7fb4bd6f5b|label_k8s_app:machine-config-daemon|label_pod_template_generation:1
2020-11-01 00:00:00 +0000 UTC,2020-12-01 00:00:00 +0000 UTC,2020-11-06 18:00:00 +0000 UTC,2020-11-06 18:59:59 +0000 UTC,ip-10-0-150-20.us-east-2.compute.internal,openshift-dns,dns-default-w695t,8.086632,396.000000,,141593395200.000000,264241152000.000000,1932735283200.000000,4.000000,14400.000000,16502939648.000000,59410582732800.000000,i-07017c9d687179be8,label_controller_revision_hash:95cc96b59|label_dns_operator_openshift_io_daemonset_dns:default|label_pod_template_generation:1
2020-11-01 00:00:00 +0000 UTC,2020-12-01 00:00:00 +0000 UTC,2020-11-06 18:00:00 +0000 UTC,2020-11-06 18:59:59 +0000 UTC,ip-10-0-208-111.us-east-2.compute.internal,openshift-kube-controller-manager,revision-pruner-16-ip-10-0-208-111.us-east-2.compute.internal,,540.000000,540.000000,,360000000000.000000,360000000000.000000,4.000000,14400.000000,16502939648.000000,59410582732800.000000,i-0a265277069898d4c,label_app:pruner
2020-11-01 00:00:00 +0000 UTC,2020-12-01 00:00:00 +0000 UTC,2020-11-06 18:00:00 +0000 UTC,2020-11-06 18:59:59 +0000 UTC,ip-10-0-150-20.us-east-2.compute.internal,openshift-kube-scheduler,installer-12-ip-10-0-150-20.us-east-2.compute.internal,,540.000000,540.000000,,360000000000.000000,360000000000.000000,4.000000,14400.000000,16502939648.000000,59410582732800.000000,i-07017c9d687179be8,label_app:installer
2020-11-01 00:00:00 +0000 UTC,2020-12-01 00:00:00 +0000 UTC,2020-11-06 18:00:00 +0000 UTC,2020-11-06 18:59:59 +0000 UTC,ip-10-0-208-111.us-east-2.compute.internal,openshift-controller-manager,controller-manager-9785h,1.148424,360.000000,,113310597120.000000,377487360000.000000,,4.000000,14400.000000,16502939648.000000,59410582732800.000000,i-0a265277069898d4c,label_app:openshift-controller-manager|label_controller_manager:true|label_controller_revision_hash:7f6999c885|label_pod_template_generation:17
2020-11-01 00:00:00 +0000 UTC,2020-12-01 00:00:00 +0000 UTC,2020-11-06 18:00:00 +0000 UTC,2020-11-06 18:59:59 +0000 UTC,ip-10-0-150-20.us-east-2.compute.internal,openshift-monitoring,prometheus-operator-5d4cf4d7f5-jxjkd,12.680371,18.000000,,202934353920.000000,226492416000.000000,,4.000000,14400.000000,16502939648.000000,59410582732800.000000,i-07017c9d687179be8,label_app_kubernetes_io_component:controller|label_app_kubernetes_io_name:prometheus-operator|label_app_kubernetes_io_version:v0.35.1|label_pod_template_hash:5d4cf4d7f5
2020-11-01 00:00:00 +0000 UTC,2020-12-01 00:00:00 +0000 UTC,2020-11-06 18:00:00 +0000 UTC,2020-11-06 18:59:59 +0000 UTC,ip-10-0-208-111.us-east-2.compute.internal,openshift-cloud-credential-operator,cloud-credential-operator-7d668748cb-pz6l2,247.306551,36.000000,,515509125120.000000,566231040000.000000,,4.000000,14400.000000,16502939648.000000,59410582732800.000000,i-0a265277069898d4c,label_app:cloud-credential-operator|label_control_plane:controller-manager|label_controller_tools_k8s_io:1.0|label_pod_template_hash:7d668748cb
2020-11-01 00:00:00 +0000 UTC,2020-12-01 00:00:00 +0000 UTC,2020-11-06 18:00:00 +0000 UTC,2020-11-06 18:59:59 +0000 UTC,ip-10-0-150-20.us-east-2.compute.internal,openshift-kube-scheduler,revision-pruner-10-ip-10-0-150-20.us-east-2.compute.internal,,540.000000,540.000000,,360000000000.000000,360000000000.000000,4.000000,14400.000000,16502939648.000000,59410582732800.000000,i-07017c9d687179be8,label_app:pruner
2020-11-01 00:00:00 +0000 UTC,2020-12-01 00:00:00 +0000 UTC,2020-11-06 18:00:00 +0000 UTC,2020-11-06 18:59:59 +0000 UTC,ip-10-0-150-20.us-east-2.compute.internal,openshift-sdn,ovs-lc8kq,69.895995,360.000000,,327962542080.000000,1509949440000.000000,,4.000000,14400.000000,16502939648.000000,59410582732800.000000,i-07017c9d687179be8,label_app:ovs|label_component:network|label_controller_revision_hash:78749b5864|label_openshift_io_component:network|label_pod_template_generation:1|label_type:infra
2020-11-01 00:00:00 +0000 UTC,2020-12-01 00:00:00 +0000 UTC,2020-11-06 18:00:00 +0000 UTC,2020-11-06 18:59:59 +0000 UTC,ip-10-0-184-152.us-east-2.compute.internal,openshift-kube-scheduler,installer-10-ip-10-0-184-152.us-east-2.compute.internal,,540.000000,540.000000,,360000000000.000000,360000000000.000000,4.000000,14400.000000,16502939648.000000,59410582732800.000000,i-0d747f55dc1009705,label_app:installer
2020-11-01 00:00:00 +0000 UTC,2020-12-01 00:00:00 +0000 UTC,2020-11-06 18:00:00 +0000 UTC,2020-11-06 18:59:59 +0000 UTC,ip-10-0-146-115.us-east-2.compute.internal,openshift-image-registry,node-ca-7dqbs,0.823094,36.000000,,20653916160.000000,37748736000.000000,,8.000000,28800.000000,33237303296.000000,119654291865600.000000,i-0eb3a4cb7807fb144,label_controller_revision_hash:7dbf69f566|label_name:node-ca|label_pod_template_generation:1
2020-11-01 00:00:00 +0000 UTC,2020-12-01 00:00:00 +0000 UTC,2020-11-06 18:00:00 +0000 UTC,2020-11-06 18:59:59 +0000 UTC,ip-10-0-184-152.us-east-2.compute.internal,openshift-service-ca-operator,service-ca-operator-96844bc8c-bcgpl,6.986502,36.000000,,236662210560.000000,301989888000.000000,,4.000000,14400.000000,16502939648.000000,59410582732800.000000,i-0d747f55dc1009705,label_app:service-ca-operator|label_pod_template_hash:96844bc8c
2020-11-01 00:00:00 +0000 UTC,2020-12-01 00:00:00 +0000 UTC,2020-11-06 18:00:00 +0000 UTC,2020-11-06 18:59:59 +0000 UTC,ip-10-0-184-152.us-east-2.compute.internal,openshift-kube-controller-manager,revision-pruner-2-ip-10-0-184-152.us-east-2.compute.internal,,540.000000,540.000000,,360000000000.000000,360000000000.000000,4.000000,14400.000000,16502939648.000000,59410582732800.000000,i-0d747f55dc1009705,label_app:pruner
2020-11-01 00:00:00 +0000 UTC,2020-12-01 00:00:00 +0000 UTC,2020-11-06 18:00:00 +0000 UTC,2020-11-06 18:59:59 +0000 UTC,ip-10-0-146-115.us-east-2.compute.internal,openshift-monitoring,prometheus-k8s-1,331.058527,273.600000,,8005049548800.000000,4469450342400.000000,,8.000000,28800.000000,33237303296.000000,119654291865600.000000,i-0eb3a4cb7807fb144,label_app:prometheus|label_controller_revision_hash:prometheus-k8s-7465cfd977|label_prometheus:k8s|label_statefulset_kubernetes_io_pod_name:prometheus-k8s-1
2020-11-01 00:00:00 +0000 UTC,2020-12-01 00:00:00 +0000 UTC,2020-11-06 18:00:00 +0000 UTC,2020-11-06 18:59:59 +0000 UTC,ip-10-0-150-20.us-east-2.compute.internal,openshift-controller-manager,controller-manager-d6xcs,1.167687,360.000000,,111740436480.000000,377487360000.000000,,4.000000,14400.000000,16502939648.000000,59410582732800.000000,i-07017c9d687179be8,label_app:openshift-controller-manager|label_controller_manager:true|label_controller_revision_hash:7f6999c885|label_pod_template_generation:17
2020-11-01 00:00:00 +0000 UTC,2020-12-01 00:00:00 +0000 UTC,2020-11-06 18:00:00 +0000 UTC,2020-11-06 18:59:59 +0000 UTC,ip-10-0-146-115.us-east-2.compute.internal,openshift-cluster-storage-operator,csi-snapshot-controller-6578b7bdf7-xrwh6,2.029646,36.000000,,50266275840.000000,188743680000.000000,,8.000000,28800.000000,33237303296.000000,119654291865600.000000,i-0eb3a4cb7807fb144,label_app:csi-snapshot-controller|label_pod_template_hash:6578b7bdf7
2020-11-01 00:00:00 +0000 UTC,2020-12-01 00:00:00 +0000 UTC,2020-11-06 18:00:00 +0000 UTC,2020-11-06 18:59:59 +0000 UTC,ip-10-0-184-152.us-east-2.compute.internal,openshift-monitoring,node-exporter-spg4x,33.570474,32.400000,,137714319360.000000,792723456000.000000,,4.000000,14400.000000,16502939648.000000,59410582732800.000000,i-0d747f55dc1009705,label_app:node-exporter|label_controller_revision_hash:664bff5786|label_pod_template_generation:1
2020-11-01 00:00:00 +0000 UTC,2020-12-01 00:00:00 +0000 UTC,2020-11-06 18:00:00 +0000 UTC,2020-11-06 18:59:59 +0000 UTC,ip-10-0-184-152.us-east-2.compute.internal,openshift-controller-manager,controller-manager-wkdkw,18.977756,360.000000,,428702760960.000000,377487360000.000000,,4.000000,14400.000000,16502939648.000000,59410582732800.000000,i-0d747f55dc1009705,label_app:openshift-controller-manager|label_controller_manager:true|label_controller_revision_hash:7f6999c885|label_pod_template_generation:17
2020-11-01 00:00:00 +0000 UTC,2020-12-01 00:00:00 +0000 UTC,2020-11-06 18:00:00 +0000 UTC,2020-11-06 18:59:59 +0000 UTC,ip-10-0-184-152.us-east-2.compute.internal,openshift-multus,multus-admission-controller-cfjwp,2.211126,72.000000,,169041838080.000000,75497472000.000000,,4.000000,14400.000000,16502939648.000000,59410582732800.000000,i-0d747f55dc1009705,label_app:multus-admission-controller|label_component:network|label_controller_revision_hash:7b7b7f6987|label_namespace:openshift-multus|label_openshift_io_component:network|label_pod_template_generation:1|label_type:infra
2020-11-01 00:00:00 +0000 UTC,2020-12-01 00:00:00 +0000 UTC,2020-11-06 18:00:00 +0000 UTC,2020-11-06 18:59:59 +0000 UTC,ip-10-0-189-61.us-east-2.compute.internal,openshift-monitoring,alertmanager-main-2,11.950795,21.600000,,288529367040.000000,830472192000.000000,,8.000000,28800.000000,32884985856.000000,118385949081600.000000,i-0fa84719950bda5f1,label_alertmanager:main|label_app:alertmanager|label_controller_revision_hash:alertmanager-main-74bb986dfc|label_statefulset_kubernetes_io_pod_name:alertmanager-main-2
2020-11-01 00:00:00 +0000 UTC,2020-12-01 00:00:00 +0000 UTC,2020-11-06 18:00:00 +0000 UTC,2020-11-06 18:59:59 +0000 UTC,ip-10-0-184-152.us-east-2.compute.internal,openshift-authentication,oauth-openshift-6994f9b87b-bx2ns,7.027619,36.000000,,171143086080.000000,188743680000.000000,,4.000000,14400.000000,16502939648.000000,59410582732800.000000,i-0d747f55dc1009705,label_app:oauth-openshift|label_pod_template_hash:6994f9b87b
2020-11-01 00:00:00 +0000 UTC,2020-12-01 00:00:00 +0000 UTC,2020-11-06 18:00:00 +0000 UTC,2020-11-06 18:59:59 +0000 UTC,ip-10-0-150-20.us-east-2.compute.internal,openshift-sdn,sdn-5kjl6,29.732824,360.000000,,200388526080.000000,754974720000.000000,,4.000000,14400.000000,16502939648.000000,59410582732800.000000,i-07017c9d687179be8,label_app:sdn|label_component:network|label_controller_revision_hash:66cbd78b69|label_openshift_io_component:network|label_pod_template_generation:1|label_type:infra
2020-11-01 00:00:00 +0000 UTC,2020-12-01 00:00:00 +0000 UTC,2020-11-06 18:00:00 +0000 UTC,2020-11-06 18:59:59 +0000 UTC,ip-10-0-184-152.us-east-2.compute.internal,openshift-kube-apiserver,revision-pruner-6-ip-10-0-184-152.us-east-2.compute.internal,,540.000000,540.000000,,360000000000.000000,360000000000.000000,4.000000,14400.000000,16502939648.000000,59410582732800.000000,i-0d747f55dc1009705,label_app:pruner
2020-11-01 00:00:00 +0000 UTC,2020-12-01 00:00:00 +0000 UTC,2020-11-06 18:00:00 +0000 UTC,2020-11-06 18:59:59 +0000 UTC,ip-10-0-146-115.us-east-2.compute.internal,openshift-metering,metering-operator-5744d7dffd-mgqb8,1446.282560,2700.000000,5400.000000,1264321167360.000000,1509949440000.000000,1887436800000.000000,8.000000,28800.000000,33237303296.000000,119654291865600.000000,i-0eb3a4cb7807fb144,label_app:metering-operator|label_pod_template_hash:5744d7dffd
2020-11-01 00:00:00 +0000 UTC,2020-12-01 00:00:00 +0000 UTC,2020-11-06 18:00:00 +0000 UTC,2020-11-06 18:59:59 +0000 UTC,ip-10-0-208-111.us-east-2.compute.internal,openshift-machine-api,machine-api-operator-59fb5bd4dc-t6mkd,2.042856,72.000000,,167660421120.000000,264241152000.000000,,4.000000,14400.000000,16502939648.000000,59410582732800.000000,i-0a265277069898d4c,label_k8s_app:machine-api-operator|label_pod_template_hash:59fb5bd4dc
2020-11-01 00:00:00 +0000 UTC,2020-12-01 00:00:00 +0000 UTC,2020-11-06 18:00:00 +0000 UTC,2020-11-06 18:59:59 +0000 UTC,ip-10-0-150-20.us-east-2.compute.internal,openshift-multus,multus-8mms6,4.051044,36.000000,,13984481280.000000,566231040000.000000,,4.000000,14400.000000,16502939648.000000,59410582732800.000000,i-07017c9d687179be8,label_app:multus|label_component:network|label_controller_revision_hash:846cd45bbd|label_openshift_io_component:network|label_pod_template_generation:1|label_type:infra
2020-11-01 00:00:00 +0000 UTC,2020-12-01 00:00:00 +0000 UTC,2020-11-06 18:00:00 +0000 UTC,2020-11-06 18:59:59 +0000 UTC,ip-10-0-150-20.us-east-2.compute.internal,openshift-kube-controller-manager,revision-pruner-14-ip-10-0-150-20.us-east-2.compute.internal,,540.000000,540.000000,,360000000000.000000,360000000000.000000,4.000000,14400.000000,16502939648.000000,59410582732800.000000,i-07017c9d687179be8,label_app:pruner
2020-11-01 00:00:00 +0000 UTC,2020-12-01 00:00:00 +0000 UTC,2020-11-06 18:00:00 +0000 UTC,2020-11-06 18:59:59 +0000 UTC,ip-10-0-208-111.us-east-2.compute.internal,openshift-sdn,sdn-7wg4z,29.114938,360.000000,,232327495680.000000,754974720000.000000,,4.000000,14400.000000,16502939648.000000,59410582732800.000000,i-0a265277069898d4c,label_app:sdn|label_component:network|label_controller_revision_hash:66cbd78b69|label_openshift_io_component:network|label_pod_template_generation:1|label_type:infra
2020-11-01 00:00:00 +0000 UTC,2020-12-01 00:00:00 +0000 UTC,2020-11-06 18:00:00 +0000 UTC,2020-11-06 18:59:59 +0000 UTC,ip-10-0-146-115.us-east-2.compute.internal,openshift-marketplace,community-operators-85f8b9fbd5-k644d,45.864435,36.000000,,1813478277120.000000,377487360000.000000,,8.000000,28800.000000,33237303296.000000,119654291865600.000000,i-0eb3a4cb7807fb144,label_marketplace_operatorSource:community-operators|label_pod_template_hash:85f8b9fbd5
2020-11-01 00:00:00 +0000 UTC,2020-12-01 00:00:00 +0000 UTC,2020-11-06 18:00:00 +0000 UTC,2020-11-06 18:59:59 +0000 UTC,ip-10-0-189-61.us-east-2.compute.internal,openshift-monitoring,prometheus-adapter-67d57676db-tp4nn,2.041141,3.600000,,172824576000.000000,75497472000.000000,,8.000000,28800.000000,32884985856.000000,118385949081600.000000,i-0fa84719950bda5f1,label_name:prometheus-adapter|label_pod_template_hash:67d57676db
2020-11-01 00:00:00 +0000 UTC,2020-12-01 00:00:00 +0000 UTC,2020-11-06 18:00:00 +0000 UTC,2020-11-06 18:59:59 +0000 UTC,ip-10-0-208-111.us-east-2.compute.internal,openshift-multus,multus-xk28c,4.015959,36.000000,,12524175360.000000,566231040000.000000,,4.000000,14400.000000,16502939648.000000,59410582732800.000000,i-0a265277069898d4c,label_app:multus|label_component:network|label_controller_revision_hash:846cd45bbd|label_openshift_io_component:network|label_pod_template_generation:1|label_type:infra
2020-11-01 00:00:00 +0000 UTC,2020-12-01 00:00:00 +0000 UTC,2020-11-06 18:00:00 +0000 UTC,2020-11-06 18:59:59 +0000 UTC,ip-10-0-208-111.us-east-2.compute.internal,openshift-ingress-operator,ingress-operator-74c76d97c8-r4m94,4.384901,72.000000,,178572902400.000000,150994944000.000000,,4.000000,14400.000000,16502939648.000000,59410582732800.000000,i-0a265277069898d4c,label_name:ingress-operator|label_pod_template_hash:74c76d97c8
2020-11-01 00:00:00 +0000 UTC,2020-12-01 00:00:00 +0000 UTC,2020-11-06 18:00:00 +0000 UTC,2020-11-06 18:59:59 +0000 UTC,ip-10-0-150-20.us-east-2.compute.internal,openshift-kube-controller-manager,installer-7-ip-10-0-150-20.us-east-2.compute.internal,,540.000000,540.000000,,360000000000.000000,360000000000.000000,4.000000,14400.000000,16502939648.000000,59410582732800.000000,i-07017c9d687179be8,label_app:installer
2020-11-01 00:00:00 +0000 UTC,2020-12-01 00:00:00 +0000 UTC,2020-11-06 18:00:00 +0000 UTC,2020-11-06 18:59:59 +0000 UTC,ip-10-0-208-111.us-east-2.compute.internal,openshift-insights,insights-operator-76d9f9865-tvd79,8.186220,36.000000,,143379578880.000000,113246208000.000000,,4.000000,14400.000000,16502939648.000000,59410582732800.000000,i-0a265277069898d4c,label_app:insights-operator|label_pod_template_hash:76d9f9865
2020-11-01 00:00:00 +0000 UTC,2020-12-01 00:00:00 +0000 UTC,2020-11-06 18:00:00 +0000 UTC,2020-11-06 18:59:59 +0000 UTC,ip-10-0-184-152.us-east-2.compute.internal,openshift-image-registry,node-ca-bfqg2,0.837090,36.000000,,12343787520.000000,37748736000.000000,,4.000000,14400.000000,16502939648.000000,59410582732800.000000,i-0d747f55dc1009705,label_controller_revision_hash:7dbf69f566|label_name:node-ca|label_pod_template_generation:1
2020-11-01 00:00:00 +0000 UTC,2020-12-01 00:00:00 +0000 UTC,2020-11-06 18:00:00 +0000 UTC,2020-11-06 18:59:59 +0000 UTC,ip-10-0-189-61.us-east-2.compute.internal,openshift-sdn,sdn-llf4x,25.784401,360.000000,,437843312640.000000,754974720000.000000,,8.000000,28800.000000,32884985856.000000,118385949081600.000000,i-0fa84719950bda5f1,label_app:sdn|label_component:network|label_controller_revision_hash:66cbd78b69|label_openshift_io_component:network|label_pod_template_generation:1|label_type:infra
2020-11-01 00:00:00 +0000 UTC,2020-12-01 00:00:00 +0000 UTC,2020-11-06 18:00:00 +0000 UTC,2020-11-06 18:59:59 +0000 UTC,ip-10-0-150-20.us-east-2.compute.internal,openshift-machine-config-operator,machine-config-daemon-lbxf4,3.275269,144.000000,,197957713920.000000,377487360000.000000,,4.000000,14400.000000,16502939648.000000,59410582732800.000000,i-07017c9d687179be8,label_controller_revision_hash:7fb4bd6f5b|label_k8s_app:machine-config-daemon|label_pod_template_generation:1
2020-11-01 00:00:00 +0000 UTC,2020-12-01 00:00:00 +0000 UTC,2020-11-06 18:00:00 +0000 UTC,2020-11-06 18:59:59 +0000 UTC,ip-10-0-150-20.us-east-2.compute.internal,openshift-kube-controller-manager,installer-5-ip-10-0-150-20.us-east-2.compute.internal,,540.000000,540.000000,,360000000000.000000,360000000000.000000,4.000000,14400.000000,16502939648.000000,59410582732800.000000,i-07017c9d687179be8,label_app:installer
2020-11-01 00:00:00 +0000 UTC,2020-12-01 00:00:00 +0000 UTC,2020-11-06 18:00:00 +0000 UTC,2020-11-06 18:59:59 +0000 UTC,ip-10-0-146-115.us-east-2.compute.internal,openshift-monitoring,telemeter-client-6bf666dddb-fkkck,1.189620,10.800000,,225632747520.000000,75497472000.000000,,8.000000,28800.000000,33237303296.000000,119654291865600.000000,i-0eb3a4cb7807fb144,label_k8s_app:telemeter-client|label_pod_template_hash:6bf666dddb
2020-11-01 00:00:00 +0000 UTC,2020-12-01 00:00:00 +0000 UTC,2020-11-06 18:00:00 +0000 UTC,2020-11-06 18:59:59 +0000 UTC,ip-10-0-208-111.us-east-2.compute.internal,openshift-kube-controller-manager,installer-16-ip-10-0-208-111.us-east-2.compute.internal,,540.000000,540.000000,,360000000000.000000,360000000000.000000,4.000000,14400.000000,16502939648.000000,59410582732800.000000,i-0a265277069898d4c,label_app:installer
2020-11-01 00:00:00 +0000 UTC,2020-12-01 00:00:00 +0000 UTC,2020-11-06 18:00:00 +0000 UTC,2020-11-06 18:59:59 +0000 UTC,ip-10-0-150-20.us-east-2.compute.internal,openshift-kube-controller-manager,installer-4-ip-10-0-150-20.us-east-2.compute.internal,,540.000000,540.000000,,360000000000.000000,360000000000.000000,4.000000,14400.000000,16502939648.000000,59410582732800.000000,i-07017c9d687179be8,label_app:installer
2020-11-01 00:00:00 +0000 UTC,2020-12-01 00:00:00 +0000 UTC,2020-11-06 18:00:00 +0000 UTC,2020-11-06 18:59:59 +0000 UTC,ip-10-0-208-111.us-east-2.compute.internal,openshift-kube-controller-manager,revision-pruner-7-ip-10-0-208-111.us-east-2.compute.internal,,540.000000,540.000000,,360000000000.000000,360000000000.000000,4.000000,14400.000000,16502939648.000000,59410582732800.000000,i-0a265277069898d4c,label_app:pruner
2020-11-01 00:00:00 +0000 UTC,2020-12-01 00:00:00 +0000 UTC,2020-11-06 18:00:00 +0000 UTC,2020-11-06 18:59:59 +0000 UTC,ip-10-0-189-61.us-east-2.compute.internal,openshift-sdn,ovs-qsfv6,71.429287,360.000000,,463628697600.000000,1509949440000.000000,,8.000000,28800.000000,32884985856.000000,118385949081600.000000,i-0fa84719950bda5f1,label_app:ovs|label_component:network|label_controller_revision_hash:78749b5864|label_openshift_io_component:network|label_pod_template_generation:1|label_type:infra
2020-11-01 00:00:00 +0000 UTC,2020-12-01 00:00:00 +0000 UTC,2020-11-06 18:00:00 +0000 UTC,2020-11-06 18:59:59 +0000 UTC,ip-10-0-208-111.us-east-2.compute.internal,openshift-kube-controller-manager,revision-pruner-13-ip-10-0-208-111.us-east-2.compute.internal,,540.000000,540.000000,,360000000000.000000,360000000000.000000,4.000000,14400.000000,16502939648.000000,59410582732800.000000,i-0a265277069898d4c,label_app:pruner
2020-11-01 00:00:00 +0000 UTC,2020-12-01 00:00:00 +0000 UTC,2020-11-06 18:00:00 +0000 UTC,2020-11-06 18:59:59 +0000 UTC,ip-10-0-208-111.us-east-2.compute.internal,openshift-kube-controller-manager,revision-pruner-14-ip-10-0-208-111.us-east-2.compute.internal,,540.000000,540.000000,,360000000000.000000,360000000000.000000,4.000000,14400.000000,16502939648.000000,59410582732800.000000,i-0a265277069898d4c,label_app:pruner
2020-11-01 00:00:00 +0000 UTC,2020-12-01 00:00:00 +0000 UTC,2020-11-06 18:00:00 +0000 UTC,2020-11-06 18:59:59 +0000 UTC,ip-10-0-184-152.us-east-2.compute.internal,openshift-cluster-machine-approver,machine-approver-c4b8b8c85-f7mrz,1.745045,72.000000,,116138557440.000000,264241152000.000000,,4.000000,14400.000000,16502939648.000000,59410582732800.000000,i-0d747f55dc1009705,label_app:machine-approver|label_pod_template_hash:c4b8b8c85
2020-11-01 00:00:00 +0000 UTC,2020-12-01 00:00:00 +0000 UTC,2020-11-06 18:00:00 +0000 UTC,2020-11-06 18:59:59 +0000 UTC,ip-10-0-150-20.us-east-2.compute.internal,openshift-kube-controller-manager,revision-pruner-7-ip-10-0-150-20.us-east-2.compute.internal,,540.000000,540.000000,,360000000000.000000,360000000000.000000,4.000000,14400.000000,16502939648.000000,59410582732800.000000,i-07017c9d687179be8,label_app:pruner
